[
{"document_link": "/document/8880442/", "title": "Multi-objective 3D bin-packing problem", "publication_year": 2019, "abstract": "This research paper deals with a special case of a multiobjective 3D-Bin Packing Problem. n 3D boxes of different volumetric dimensions are to be filled in a minimum number of identical bins. The boxes have different weights and can be only horizontally rotated when placed in the bins. Two objectives are simultaneously considered: Use the minimum number of bins to pack all the boxes and have balanced bins in term of total weight. The investigated problem is NP-hard. A 3D algorithm is proposed to solve this problem in two main phases. During the first phase, all the possible combinations of layers of same or different types of boxes that can fit in a bin are generated. These combinations represent candidate solutions in term of bin's volume. Finally, in the second phase the boxes are packed in the bins according to the best use of the bin's volume from the solutions candidates. This 3D algorithm was validated using real world data from the courier company Fedex and compared with the results of a lower bound and another recently published algorithm. The results showed that the proposed algorithm is much better in both criteria.", "citations": 2},
{"document_link": "/document/9636905/", "title": "Research on the Problem of 3D Bin Packing under Incomplete Information Based on Deep Reinforcement Learning", "publication_year": 2021, "abstract": "The Bin Packing Problem (BPP) in the logistics industry is a classic NP-hard problem. In practical applications, often only the size information of the current box can be obtained whereas getting the information of the subsequent boxes almost impossible. In consequence, an algorithm is very important for giving the packing position in the case of incomplete information. This paper used Deep Reinforcement Learning (DRL) algorithm and Monte Carlo Tree Search (MCTS), formed the state input shape for this problem to establish a model to solve the 3D bin packing problem under incomplete information. This model can achieve an average space utilization of 65%. The study's results proved that the model can solve the packing problem under incomplete information and has certain practical benefits.", "citations": 0},
{"document_link": "/document/8643190/", "title": "Toward smart logistics: A new algorithm for a multi-objective 3D bin packing problem", "publication_year": 2018, "abstract": "The most important logistics requirements are the reception of the product on time, in the right place and in the best condition. These requirements may be satisfied by implementing a smart logistic process. One important problem that is faced in that process is the bin packing problem. The bin packing is an NP-hard problem which focuses on optimizing the number of bins for a set of items with varying volumes and/or weights. Bin packing problem is used in many applications such as job scheduling, shipping items and placing data on multiple disks. Although many algorithms have been developed to solve the bin-packing problem, some drawbacks have remained unsolved like efficiency of the algorithm vs. optimal number of bins. In this research, we propose a multi-objective 3D bin packing algorithm that focuses on optimizing the number of bins as well as balancing the weight inside each bin. The proposed algorithm was implemented and tested with data gathered from FedEx. The computational results showed that the algorithm is efficient for a small number of problems and runs very fast for up to around 25000 items. The algorithm also balances the weights between the bins almost perfectly.", "citations": 4},
{"document_link": "/document/10312036/", "title": "Guided Reinforce Learning Through Spatial Residual Value for Online 3D Bin Packing", "publication_year": 2023, "abstract": "We have implemented a practical and high-performance non-removable and non-adjustable online 3D box packing algorithm. The problem to be solved by the algorithm belongs to a type of online 3D box packing problem (3D-BPP), but unlike the traditional 3D box packing problem, only a limited number of boxes to be loaded can be known at a time, so the size of boxed is random for algorithm. The problem also requires that the boxes can't be placed in the buffer or the state of the already loaded boxes can't be changed during the whole process. Due to realistic factors, the packing strategy must also satisfy geometric, stability and orientation constraints. We propose a reward function based on spatial residual value assisting the best deep reinforcement learning algorithm we know right now to solve such a question. The residual value of space means the value of the space that can be used in the future. The algorithm adjusts the network parameters in the Actor-Critic framework based on the impact of the intelligence's strategy on the spatial residual value. Compared with recent online 3D box packing strategies, our algorithm performs better than the best algorithm we know with normal reward function (of course better than all current heuristic methods), better than those learning-based methods (about 9% for space utilization), and have fewer learning iterations to converge (about 1000 in all 8000 episodes).", "citations": 0},
{"document_link": "/document/10270781/", "title": "Building Cross-Platform Application for Optimized 3D Bin Packing Algorithm", "publication_year": 2023, "abstract": "This paper proposes a novel 3D bin packing optimization algorithm and an application built with 3D models for visualization. The algorithm is designed to optimize the packing of 3D objects into a minimum number of bins while minimizing the total volume of unused space. The algorithm is particularly effective for applications in which the input objects of varying sizes and for larger quantities of objects. This paper presents an application built using ElectronJS and ThreeJS, two popular frameworks for developing cross-platform desktop applications and 3D graphics. The application is designed to provide users with an intuitive and interactive interface with 3D models. Combining 3D modeling and 3D bin packing algorithms offers a powerful solution for optimizing packaging processes and reducing waste. By accurately modeling the boxes and pallets in a 3D space, the algorithm can efficiently pack the boxes, leading to cost savings and improved efficiency", "citations": 0},
{"document_link": "/document/10150767/", "title": "Framework for Smart Online 3D Bin Packing Using Augmented Reality", "publication_year": 2023, "abstract": "Given the growth of the e-commerce market and the increasing demands, it is crucial to come up with an efficient and optimized way to pack products. Furthermore, the advent of new technologies and the fourth industrial revolution opened up a range of research areas and opportunities to expand the scope of classic packing applications. In this context, this work presents a framework to assist operators with an immersive application to assure smart packing. For that purpose, several heuristics that take into consideration multiple conditions imposed by the nature of the product are embedded to solve the online 3D Bin Packing Problem. Then the best packing solution is sent to the Augmented Reality developed application to immerse the operator in the packing process. This framework is designed for industries that rely on manual packing and aims to automate the process and/or provide intelligent decision-aid tools to ensure a smart packing process.", "citations": 2},
{"document_link": "/document/9649790/", "title": "A Novel Heuristic Algorithm for Online 3D Bin Packing", "publication_year": 2021, "abstract": "The paper presents a novel heuristic algorithm to solve the problem of automatically packing 3-dimensional boxes into containers. In this application, the collection of boxes is unknown, and a box must be packed immediately before the next box appears. The algorithm is developed based on the main and secondary data systems. The main data system describes the spaces that are large enough to fit a box. The secondary data system describes the small spaces that cannot accommodate boxes. The search algorithm based on these two data systems allows to reduce the workload of searching and is convenient in organizing and editing data systems. Experimental results show that this method is superior in terms of processing speed and packed volume ratio.", "citations": 2},
{"document_link": "/document/8146496/", "title": "The master bay plan problem: a solution method based on its connection to the three‐dimensional bin packing problem", "publication_year": 2003, "abstract": "This paper addresses the problem of determining stowage plans for containers in a ship, referred to as the Master Bay Plan Problem (MBPP). ; MBPP is NP‐complete. We present a heuristic method for solving MBPP based on its relation with the three‐dimensional bin packing problem (3D‐BPP), where items are containers and bins are different portions of the ship. Our aim is to find stowage plans, taking into account structural and operational constraints related to both the containers and the ship, that minimize the time required for loading all containers on board. ; A validation of the proposed approach with some test cases is given. The results of real instances of the problem involving more than 1400 containers show the effectiveness of the proposed approach for large scale applications.", "citations": 4},
{"document_link": "/document/10004170/", "title": "Robot Online 3D Bin Packing Strategy Based on Deep Reinforcement Learning and 3D Vision", "publication_year": 2022, "abstract": "In the field of logistics and warehousing, it is extremely challenging and practically useful to realize an intelligent palletizing robot which can quickly stack and place cartons of various sizes in disorder. The core technology is the solution of the Online 3D Bin Packing Problem (Online 3D-BPP). For the task of estimating the size and pose of objects by robots, we propose an object size and orientation estimation algorithm based on Euclidean clustering of point cloud information, principal components analysis and minimum circumscribed matrix fitting. In order to solve the extremely challenging Online 3D-BPP, we propose a solution strategy by combining deep reinforcement learning (DRL) and Monte Carlo tree search (MCTS) algorithm, which can combine the information of the prospective K objects to be packed to find the best packing scheme. At the same time, we use the improved Actor-Critic algorithm to train the model and introduce the packing configuration tree model based on heuristic rules, which overcomes the disadvantage that DRL cannot converge when the degree of discretization of the action space increases. The extensive evaluation demonstrates that our learned policy achieves a more efficient and robust packing strategy than current state-of-the-art methods and is practically usable for real-world applications.", "citations": 2},
{"document_link": "/document/8956393/", "title": "Deep-Pack: A Vision-Based 2D Online Bin Packing Algorithm with Deep Reinforcement Learning", "publication_year": 2019, "abstract": "This paper looks into the problem of online 2D bin packing where the objective is to place an incoming object in a way so as to maximize the overall packing density inside the bin. Unlike off-line methods, the online methods do not make use of information about the sequence of future objects that are going to arrive and hence, are comparatively difficult to solve. A deep reinforcement learning framework based on Double DQN is proposed to solve this problem that takes an image showing the current state of the bin as input and gives out the pixel location where the incoming object needs to be placed as the output. The reward function is defined in such a way so that the system learns to place an incoming object adjacent to the already placed items so that the maximum grouped empty area is retained for future placement. The resulting approach is shown to outperform existing state-of-the-art-method for 2D online packing and can easily be extended to 3D online bin packing problems.", "citations": 12},
{"document_link": "/document/10268559/", "title": "Online 3D Bin Packing for Novel Objects Based on Deep Reinforcement Learning", "publication_year": 2023, "abstract": "In this paper, a method using deep reinforcement learning is proposed to deal with the 3D online bin packing problem. The packing objects are not limited to several specific or fixed cuboid objects, but are composed of more than a thousand objects and randomly generated cuboids, which make the trained policy network can handle novel unknown objects. In addition, the posture of the object in the box can be any angle, not limited to horizontal and vertical. In the proposed method, four voxel maps are used as inputs, and a Soft Actor-Critic (SAC) algorithm is used to train a policy network. On the other hand, in order to deal with various objects with irregular shapes, a packing task simulator with physics engine enable the policy network to learn the state of falling and stacking objects. In terms of training environment of deep reinforcement learning, the proposed method can be applied to boxes of different sizes because of the scalable image information. Moreover, a reward function and a training strategy with gradually increasing difficulty are proposed to effectively improve the learning of policy network. In terms of experimental results, the results on a random object bin packing task in a simulator illustrate the effectiveness of the proposed method.", "citations": 0},
{"document_link": "/document/8290046/", "title": "Minimizing the height of stacked egg cartons: A comparison of solving 3D bin packing problems and packers' experience", "publication_year": 2017, "abstract": "Packing a carton into a container for distribution is directly related to a firm's efficient use of space and handling performance. This is because packing patterns are often left up to an operator's own experience. Especially in situations where there is a small order, optimally planned packing patterns are often neglected even when an order for a set of cartons needing to be shipped is already known. Hence, this paper has compared packing patterns from an operator's own experience by using a case study of a transportation company against those obtained from solving a three-dimensional bin packing problem (3D-BPP) on a minimum stack height by using a case of egg cartons which can be freely rotated and placed into the bin at any positions which keep its edges parallel to the bin edges. The results found no scenario in which an operator's experience is superior to those obtained from 3D-BPP.", "citations": 1},
{"document_link": "/document/9989600/", "title": "The Three-dimensional Bin Packing Problem for Deformable Items", "publication_year": 2022, "abstract": "The three-dimensional bin packing problem(3D-BPP) for deformable items is quite common and essential in real-world city logistics and manufacturing environments, for example, fresh food supply chain. However, no published literature has addressed this problem from an exact point of view. In order to further increase loading efficiency and reduce operating costs for related firms, we examine a 3D-BPP variation in this work that takes into account the compressibility factor of deformable items. We formulate the studied problem as a mixed integer programming model in which several groups of unique decisions and constraints are introduced. A series of numerical experiments are conducted over several randomly generated benchmarks with various parameter settings. Results reveal that the total volume of packed items and the space utilization are significantly enhanced after considering the compressibility factor since the actual room occupied by packed items are estimated in a more accurate and practical way. In particular, the improvement in the space utilization reaches 8%$\\sim$ 28% compared with the case without compressibility issue. These benefits show that there is a large potential in reducing packaging and delivering costs by estimating the actual occupied space under the dynamic volume change assumption.", "citations": 0},
{"document_link": "/document/7037673/", "title": "Saving the Planet with Bin Packing - Experiences Using 2D and 3D Bin Packing of Virtual Machines for Greener Clouds", "publication_year": 2014, "abstract": "Greener cloud computing has recently become an extremely pertinent research topic in academy and among practitioners. Despite the abundance of the state of the art studies that tackle the problem, the vast majority of them solely rely on simulation, and do not report real settings experience. Thus, the theoretical models might overlook some of the practical details that might emerge in real life scenarios. In this paper, we try to bridge the aforementioned gap in the literature by devising and also deploying algorithms for saving power in real-life cloud environments based on variants of the 2D/3D bin packing algorithms. The algorithms are tested on a large Open Stack deployment in use by staff and students at Oslo and Akers us University College, Norway. We present three different adoptions of 2D and 3D bin packing, incorporating different aspects of the cloud as constraints. Our real-life experimental results show that although the three algorithms yield a decrease in power consumption, they distinctly affect the way the cloud has to be managed. A simple bin packing algorithm provides useful mechanism to reduce power consumption while more sophisticated algorithms do not merely achieve power savings but also minimize the number of migrations.", "citations": 3},
{"document_link": "/document/8794049/", "title": "Stable Bin Packing of Non-convex 3D Objects with a Robot Manipulator", "publication_year": 2019, "abstract": "Recent progress in the field of robotic manipulation has generated interest in fully automatic object packing in warehouses. This paper proposes a formulation of the packing problem that is tailored to the automated warehousing domain. Besides minimizing waste space inside a container, the problem requires stability of the object pile during packing and the feasibility of the robot motion executing the placement plans. To address this problem, a set of constraints are formulated, and a constructive packing pipeline is proposed to solve these constraints. The pipeline is able to pack geometrically complex, non-convex objects while satisfying stability and robot packability constraints. In particular, a new 3D positioning heuristic called Heightmap-Minimization heuristic is proposed, and heightmaps are used to speed up the search. Experimental evaluation of the method is conducted with a realistic physical simulator on a dataset of scanned real-world items, demonstrating stable and high-quality packing plans compared with other 3D packing methods.", "citations": 18},
{"document_link": "/document/9314748/", "title": "A Heuristic Approach For Solving Container-on-Barge Stowage Planning Problem Based On Bin-Packing First-Fit Algorithm", "publication_year": 2020, "abstract": "In this work, we tackle the 3D container stowage planning problem in the case of inland navigation vessels called barges. This problem aims at determining the most suitable arrangement possible of the containers in the barge in order to facilitate its recovery in the chronology of destination ports, while satisfying the context-dependent structural and operational constraints linked to both the containers and the barge. The main objective is to minimize the total number of unproductive loading and unloading movements, called “shiftings” while ensuring the longitudinal, transversal and vertical stability of the barge. This problem is considered based on its relation with the bin-packing problem. Within this context, we propose a novel heuristic approach for solving container-on-barge stowage planning problem based on the First-Fit algorithm which is considered as one of the most basic bin-packing resolution methods.", "citations": 1},
{"document_link": "/document/9286471/", "title": "Jampacker: An Efficient and Reliable Robotic Bin Packing System for Cuboid Objects", "publication_year": 2021, "abstract": "Bin packing using a robotic arm is an important problem in the context of Industry 4.0. In this work, we present a reliable and efficient bin packing system, called Jampacker. We propose a new offline 3D bin packing algorithm, called Jampack that achieves higher packing efficiency in comparison to the state-of-the-art algorithms. Jampack computes placement points, called internal corner points that tries to maximize the utilization of free spaces in-between objects, which are generally ignored by existing algorithms. Additionally, we introduce a fault recovery module (FRM) for the robotic manipulator that helps to achieve a more reliable and efficient packing in a physical container. The FRM module monitors the object placement by the robotic arm, calculates a fault score for the placement, adjusts the placement if required, and also learns & adjusts the offset for the placement procedure on-the-go. We show that this system achieves faster completion of the overall packing process.", "citations": 16},
{"document_link": "/document/9787801/", "title": "Automating Bin Packing: A Layer Building Matheuristics for Cost Effective Logistics", "publication_year": 2022, "abstract": "In this paper, we address the problem of automating the definition of feasible pallets configurations. This issue is crucial for the competitiveness of logistic companies and is still one of the most difficult problems in internal logistics. In fact, it requires the fast solution of a three-dimensional Bin Packing Problem (3D-BPP) with additional logistic specifications that are fundamental in real applications. To this aim, we propose a matheuristics that, given a set of items, provides feasible pallets configurations that satisfy the practical requirements of items’ grouping by logistic features, load bearing, stability, height homogeneity, overhang as well as weight limits, and robotized layer picking. The proposed matheuristics combines a mixed integer linear programming (MILP) formulation of the 3D-Single Bin-Size BPP (3D-SBSBPP) and a layer building heuristics. In particular, the feasible pallets configurations are obtained by sequentially solving two MILP sub-problems: the first, given the set of items to be packed, aims at minimizing the unused space in each layer and thus the number of layers; the latter aims at minimizing the number of shipping bins given the set of layers obtained from the first problem. The approach is extensively tested and compared with existing approaches. For its validation we use both realistic data-sets drawn from the literature and real data-sets, obtained from an Italian logistics leader. The resulting outcomes show the effectiveness of the method in providing high-quality bin configurations in short computational times. \n<italic xmlns:mml=\"http://www.w3.org/1998/Math/MathML\" xmlns:xlink=\"http://www.w3.org/1999/xlink\">Note to Practitioners</i>\n—This work is motivated by the intention of facilitating the transition from Logistics 3.0 to Logistics 4.0 by providing an effective tool to automate bin packing, suitable for automated warehouses. On the one hand, the proposed technique provides stable and compact bin configurations in less than half a minute per bin on average, despite the high computational complexity of the 3D-SBSBPP. On the other hand, the approach allows to consider compatibility constraints for the items (e.g., final customer and category of the items), and the use of robotized layer picking in automated warehouses. In effect, layers composed by only one type of items (i.e., monoitem layers) can be directly picked and placed on the pallet by a robotic arm without the intervention of any operator. Consequently, the adoption of this approach in warehouses could drastically improve the efficiency of the packing process.", "citations": 12},
{"document_link": "/document/8687817/", "title": "Applied Particle Swarm Optimization in Solving Container Loading Problem for Logistics", "publication_year": 2019, "abstract": "Container loading problem (CLP) is a major problem for logistics in distributing cargoes to customers. As cost and time savings are important in shipping management, the process of cargo handling is essential. Cargoes must be effectively packed into a container. This paper, therefore, proposes container loading problem solving using a strategy for positioning non placement heuristics to reduce space between different buildings. Particle Swarm Optimization (PSO) is used to select the orientation of boxes to be packed into a single container to minimize the space which simulated in 3D. The condition for this solution is packing must be placed within the container with no part of the box overhanging the container, and the boxes must be placed parallel to the container surface area or other boxes. Weight and orientation of the box condition are also considered. The experiments are 12 cases. Different sizes of boxes and different sizes of containers are used. The experimental results are satisfied and it can be concluded that varied sizes of boxes are applicable for the space utilization in the container.", "citations": 1},
{"document_link": "/document/10054950/", "title": "Deep reinforcement learning in POMDPs for 3-D palletization problem", "publication_year": 2022, "abstract": "Online 3D palletization problem is a generic variant in the family of bin packing problem (BPP). However, conventional deep reinforcement learning (DRL) methods merely have an excellent performance on combinatorial optimization problem modeled as Markov decision process (MDP). Since online BPP only provides information on fragments in successive items sequence, it is hard to describe online 3D palletization problem as MDP. Thereby, we formulated online 3D palletization problem as partially observable Markov decision processes (POMDPs) and proposed a novel DRL method to estimate state with observations trajectories. We also devised a DRL framework and train agents on environments with different boxes types. The result shows that our method is effective in a range of experimental settings and achieves higher space utilization than conventional heuristic algorithms.", "citations": 1},
{"document_link": "/document/9505150/", "title": "Constrained-optimization in a 3D bin packing realistic problem", "publication_year": 2021, "abstract": "This article describes the implementation of a new approach in 3D bin packing optimization and tests its performance in different scenarios. It takes into consideration most of the real constraints a logistics company may face when loading cargo and produces several feasible solutions for a system or a human operator to choose from. As a result of the wide range of constraints the algorithm can handle, it is highly customizable and adaptable to different kinds of companies with different interests and procedures. Optimizing bin packing within the current fast-paced supply chain reduces complexity left to humans, decreases costs and frequency in problems that may damage the customer experience and helps to minimise traffic and carbon emissions by maximizing volume utilization.", "citations": 1},
{"document_link": "/document/8442478/", "title": "Energy-Aware and Cost Effective VM Allocation Strategy Based on Best Fit MultiValued Binpaking Algorithm", "publication_year": 2018, "abstract": "Cloud computing is growing by providing features like rapid elasticity, measured services, on demand self-service, broad network access and pay-as-you-go concepts. Cloud providers are building large data centers to achieve the regularly growing demand of cloud users. Virtualization technology is the core concept behind cloud computing which provides computing services in the form of virtual machines. A large number of cloud services are requested by a large number of cloud users dynamically in the cloud computing. So, an efficient policy must be used for providing all resources to requesting users to fulfill their needs. Therefore, one of the central challenges in cloud computing is optimal resource allocation. Cloud providers use various virtual machine placement (VMP) policies to allocate the virtual machine to the available minimum number of physical servers. In this paper, Best Fit Multi valued Bin Packing approach is proposed for optimum resources allocation in which different virtual machines are allocated to minimum number of hosts by considering three parameters: RAM, CPU processing (MIPS) and network bandwidth. This approach also uses these parameters of the available physical servers to maximize the resource utilization for reducing energy consumption. The simulations of cloud environment for this approach are achieved by using CloudSim simulator. Our results show that maximum utilization of resources is achieved by choosing least number of hosts.", "citations": 0},
{"document_link": "/document/9982095/", "title": "Online 3D Bin Packing Reinforcement Learning Solution with Buffer", "publication_year": 2022, "abstract": "The 3D Bin Packing Problem (3D-BPP) is one of the most demanded yet challenging problems in industry, where an agent must pack variable size items delivered in sequence into a finite bin with the aim to maximize the space utilization. It represents a strongly NP-Hard optimization problem such that no solution has been offered to date with high performance in space utilization. In this paper, we present a new reinforcement learning (RL) framework for a 3D-BPP solution for improving performance. First, a buffer is introduced to allow multi-item action selection. By increasing the degree of freedom in action selection, a more complex policy that results in better packing performance can be derived. Second, we propose an agnostic data augmentation strategy that exploits both bin item symmetries for improving sample efficiency. Third, we implement a model-based RL method adapted from the popular algorithm AlphaGo, which has shown superhuman performance in zero-sum games. Our adaptation is capable of working in single-player and score based environments. In spite of the fact that AlphaGo versions are known to be computationally heavy, we manage to train the proposed framework with a single thread and GPU, while obtaining a solution that outperforms the state-of-the-art results in space utilization.", "citations": 1},
{"document_link": "/document/5645211/", "title": "A hybrid genetic algorithm for 3D bin packing problems", "publication_year": 2010, "abstract": "3D bin packing problem has attracted the wide concern from OR community due to their generalization in many realistic applications. In this paper, a hybrid genetic algorithm is proposed for 3DBPP. Within the framework of the proposed algorithm, a special diploid representation scheme of individual is designed and the heuristic packing methods, which are derived from a deepest bottom left with fill packing method, are employed to accomplish the translation from the individual to a solution. In order to further improve the performance of algorithm, several special GA operations are also designed in this paper. An experimental study over a set of 3DBPP test problems shows that the proposed algorithm is efficient and adaptable to address 3DBPP.", "citations": 14},
{"document_link": "/document/9505314/", "title": "Dense Robotic Packing of Irregular and Novel 3D Objects", "publication_year": 2022, "abstract": "Recent progress in the field of robotic manipulation has generated interest in fully automatic object packing in warehouses. This article presents a formulation of the robotic packing problem that ensures stability of the object pile during packing and the feasibility of the robot motion while maximizing packing density. A constructive packing algorithm is proposed to address this problem by searching over the space of item positions and orientations. Moreover, a new heightmap minimization heuristic is shown to outperform existing heuristics in the literature in the presence of nonconvex objects. Two strategies for improving the robustness of executed packing plans are also proposed: 1) conservative planning ensures plan feasibility under uncertainty in model parameters; and 2) closed-loop packing uses vision sensors to measure placement errors and replans to correct for them. The proposed planner and error mitigation strategies are evaluated in simulation and on a state-of-the-art physical packing testbed. Experiments demonstrate that the proposed planner generates high-quality packing plans, and the error mitigation strategies improve success rates beyond an open-loop baseline from 83% to 100% on five-item orders.", "citations": 7},
{"document_link": "/document/10227744/", "title": "Optimal Multicasting in Dual mmWave/μ Wave 5G NR Deployments With Multi-Beam Directional Antennas", "publication_year": 2023, "abstract": "The design of multicast services in the fifth-generation (5G) New Radio (NR) deployments is hampered by the directional nature of antenna radiation patterns. This complexity is further compounded by the emergence of new deployment options, such as dual millimeter wave (mmWave) and microwave \n<inline-formula xmlns:mml=\"http://www.w3.org/1998/Math/MathML\" xmlns:xlink=\"http://www.w3.org/1999/xlink\"> <tex-math notation=\"LaTeX\">$(\\mu $ </tex-math></inline-formula>\nWave) base station (BS) deployments, as well as new antenna design solutions. In this paper, the resource allocation task for multicast services in dual mmWave/\n<inline-formula xmlns:mml=\"http://www.w3.org/1998/Math/MathML\" xmlns:xlink=\"http://www.w3.org/1999/xlink\"> <tex-math notation=\"LaTeX\">$\\mu $ </tex-math></inline-formula>\nWave deployments with multi-beam directional antennas is addressed as a multi-period variable cost and size bin packing problem. We solve this problem and characterize the globally optimal solution. To decrease complexity, we then propose and test the simulated annealing approximation and relaxation techniques, i.e., local branching and relaxation-induced neighborhood search heuristic. Our results show that for the considered system parameters, the properties of the optimal solution depend on the density of dual-mode BS deployment and BS deployment type. We observe a transition point at which the system shifts from primarily utilizing mmWave resources to exclusively using \n<inline-formula xmlns:mml=\"http://www.w3.org/1998/Math/MathML\" xmlns:xlink=\"http://www.w3.org/1999/xlink\"> <tex-math notation=\"LaTeX\">$\\mu $ </tex-math></inline-formula>\nWave BS. Furthermore, the optimal number of beams is upper limited by 3 for mmWave and by 2 for \n<inline-formula xmlns:mml=\"http://www.w3.org/1998/Math/MathML\" xmlns:xlink=\"http://www.w3.org/1999/xlink\"> <tex-math notation=\"LaTeX\">$\\mu $ </tex-math></inline-formula>\nWave BSs. The efficiency of resource utilization is also affected by the utilized numerology and technology selection priority. Finally, we show that the simulated annealing technique allows for decreasing the solution complexity at the expense of slightly overestimating the amount of resources.", "citations": 0},
{"document_link": "/document/1405328/", "title": "Error exponents for channel coding with side information", "publication_year": 2004, "abstract": "Capacity formulas and random-coding and sphere-packing exponents are derived for a generalized family of Gel'fand-Pinsker coding problems. Information is to be reliably transmitted through a noisy channel with random state sequence. Partial information about the state sequence is available to the encoder and decoder. Two families of channels are considered: (1) compound discrete memoryless channels (C-DMC); and (2) channels with arbitrary memory, subject to an additive cost constraint, or more generally to a constraint on the conditional type of the channel output given the input. Both problems are closely connected. For the C-DMC case, our random-coding and sphere-packing exponents coincide at high rates, thereby determining the reliability function of the channel family. The random-coding exponent is achieved using a 3D binning scheme and a maximum penalized mutual information decoder. In the case of arbitrary channels, with memory, a larger random-coding error exponent than in the C-DMC case is obtained. Applications of this study include watermarking, data hiding, communication in presence of partially known interferers, and problems such as broadcast channels, all of which involve the fundamental idea of binning.", "citations": 8},
{"document_link": "/document/7163564/", "title": "A Distributed, Reconfigurable, and Reusable BIST Infrastructure for Test and Diagnosis of 3-D-Stacked ICs", "publication_year": 2016, "abstract": "We present an end-to-end design of a built-in self-test (BIST) and BIST-based diagnosis infrastructure for 3-D-stacked integrated circuits (ICs) that facilitates the use of BIST at multiple stages of 3-D integration. The proposed BIST design is distributed, reusable, and reconfigurable, hence it is attractive for both prebond and post-bond testing. We also provide support for translating a static BIST schedule into a set of BIST control instructions. The BIST design is validated using detailed simulations of the various operating modes. A framework for fault diagnosis using the BIST infrastructure for 3-D-stacked ICs is also proposed. We present results on synthetic stacks created from ITC'99 and Open-Core benchmark circuits and assess the impact of inserting BIST in these designs in terms of area, timing, and power overhead. Results show that the overhead due to BIST is negligible. We also formulate a test-scheduling problem that aims at minimizing test time under BIST-resource and power constraints, and use two algorithms based on bin packing for solving the problem.", "citations": 6},
{"document_link": "/document/4397340/", "title": "Module assignment for pin-limited designs under the stacked-Vdd paradigm", "publication_year": 2007, "abstract": "This paper addresses the module assignment problem in pinlimited designs under the stacked-Vdd circuit paradigm. A partition-based algorithm is presented for efficiently assigning modules at the floorplanning level so as to reuse currents between the Vdd domains, and minimize the power wasted during the operation of the circuit. Experimental results on a DLX architecture show that compared with assigning modules to different Vdd rails using a bin-packing technique, the circuit generated by our algorithm has 32% lower wasted power, on average. In addition, experiments on a 3D IC example show that our module assignment approach is equally effective in reducing the power waste in 3D ICs.", "citations": 11},
{"document_link": "/document/9812448/", "title": "Cluttered Food Grasping with Adaptive Fingers and Synthetic-Data Trained Object Detection", "publication_year": 2022, "abstract": "The food packaging industry handles an immense variety of food products with wide-ranging shapes and sizes, even within one kind of food. Menus are also diverse and change frequently, making automation of pick-and-place difficult. A popular approach to bin-picking is to first identify each piece of food in the tray by using an instance segmentation method. However, human annotations to train these methods are unreli-able and error-prone since foods are packed close together with unclear boundaries and visual similarity making separation of pieces difficult. To address this problem, we propose a method that trains purely on synthetic data and successfully transfers to the real world using sim2real methods by creating datasets of filled food trays using high-quality 3d models of real pieces of food for the training instance segmentation models. Another concern is that foods are easily damaged during grasping. We address this by introducing two additional methods- a novel adaptive finger mechanism to passively retract when a collision occurs, and a method to filter grasps that are likely to cause damage to neighbouring pieces of food during a grasp. We demonstrate the effectiveness of the proposed method on several kinds of real foods.", "citations": 2},
{"document_link": "/document/6900515/", "title": "Metaheuristics for the 3D bin packing problem in the steel industry", "publication_year": 2014, "abstract": "This work presents heuristic and metaheuristic approaches for addressing the real-world steel cutting problem of a retail steel distributor as a cutting & packing problem. It consists of the cutting of large steel blocks in order to obtain smaller pieces ordered by clients. The problem was formulated as a 3-dimensional residual bin packing problem for minimization of scrap generation, with guillotine cutting constraint and chips scrap generation. A tabu search and bestfit decreasing (BFD) approaches are proposed and their performance compared to an heuristic and ant colony optimization (ACO) algorithms. It's shown that the tabu search and best-fit decreasing algorithm are able to reduce the generated scrap by up to 52% in comparison with the heuristic in [1]. The orders to suppliers were also reduced by up to 35%. The analysis of the results of the different approaches provide insight onto the most important factors in the problem's scrap minimization.", "citations": 4},
{"document_link": "/document/10018146/", "title": "Heuristics Integrated Deep Reinforcement Learning for Online 3D Bin Packing", "publication_year": 2023, "abstract": "Online 3D Bin Packing Problem (3D-BPP) has a wide range of industrial applications and there is an emerging research interest in learning optimal bin packing policy and deploying it for real logistics applications. From the heuristic methods to the deep reinforcement learning (DRL) methods, the previous works have proposed many solutions to solve the online 3D-BPP. However, none of them have studied what and how heuristics can be modelled into DRL to build a more effective and practical bin packing pipeline. In this work, we thoroughly investigate what heuristics can be used in online 3D-BPP and how to effectively integrate the heuristics with the DRL. First, we design 3 different heuristics based on the physical rules of the real world and the experiences of the human packers, including the Physics-Heuristics, the Packing-Heuristics and the Unpacking-Heuristics. Second, we model the 3 types of heuristics into the DRL framework and propose a novel heuristic DRL method to solve the online 3D-BPP. Extensive experimental results show that our method achieves state-of-the-art bin packing performance and the resulting real-world system is able to reliably finish the bin packing task in real logistics scenarios. Supplementary video is available at https://www.youtube.com/watch?v=x8GpmEELq18. \n<italic xmlns:mml=\"http://www.w3.org/1998/Math/MathML\" xmlns:xlink=\"http://www.w3.org/1999/xlink\">Note to Practitioners</i>\n—The rapid growth of e-commerce has significantly increased the burden of human packers in logistic warehouses, where the workers need to pick the products from a conveyor and pack them into bins (i.e. the online 3D bin packing). Thus it is of great importance to develop intelligent robotic systems to replace human labor, which is a long-standing topic in the field of control and automation science. This paper makes a substantial contribution to the related field by studying the online 3D bin packing in terms of both the theory and practice. On the one hand, the simulated experiments suggest that the presented algorithm significantly improves the space utilization of bin packing. On the other hand, the robotic system developed based on the proposed method can favourably finish the bin packing task in real logistics scenarios, demonstrating the practical use of our approach. Consequently, the approach proposed in this paper is totally applicable in logistic warehouses and is promising to drastically improve the working efficiency of the product packing in real warehouses. In the future, we will extend the presented approach to pack irregular-shaped objects and then facilitate more logistics applications.", "citations": 3},
{"document_link": "/document/8605764/", "title": "Novel Vector Packing Heuristic for VM Placement Based on the Divide-and-Conquer Paradigm", "publication_year": 2018, "abstract": "VM Placement algorithms play a crucial role in determining data center utilisation and power consumption. The problem of VM Placement is to obtain an optimal packing of VMs on hosts such that the number of hosts required is minimum. The problem being NP-Hard, it becomes practically infeasible to get an optimal placement within the time constraints for making scheduling decisions. VM Placement can be modeled as a Multi-dimensional Vector Packing Problem(MDVPP). VPSolver, using arc-flow formulation with graph compression, gives an optimal solution for Bin-Packing and related problems. This paper proposes heuristics for large instances of MDVPP, based on the Divide-and-Conquer paradigm, using VPSolver. An extensive evaluation, with 3260 instances, comparing our heuristic with existing popular heuristics in 2D and 3D vector spaces is done which also includes VM Sizes obtained from utilisation traces of a private cloud. It is observed that for most large instances, our heuristic gives better solutions compared to existing methods sometimes at the cost of higher computation time taken. The proposed heuristic gives solutions where the number of bins required is reduced up to 7.34% and 8.15% for 2D and 3D vector spaces respectively.", "citations": 0},
{"document_link": "/document/9545694/", "title": "Smart shipment: An efficient algorithm for packing three-dimensional bins", "publication_year": 2020, "abstract": "The 3D Bin Packing Problem is a well-known NP hard problem which aims at minimizing the number of bins for packing a given number of boxes. The tackled problem includes the case where boxes are allowed to be freely rotated and be placed in one of their six distinct phases, all for the purpose of utilizing the bin’s space. A number of algorithms have been proposed by various researchers in the hope of providing optimal or near-optimal solutions for the problem. This paper proposes a new algorithm that was implemented and successfully tested and have provided improved results compared to two previously published algorithms. A theoretical lower bound was also used for the purpose of validation and comparison. The time taken by the new algorithm to pack the boxes in the bins is very small (less than one minute) even for large instances of 100000 boxes. One of the major achievements of the proposed algorithm is the maximum utilization bins’ spaces.", "citations": 0},
{"document_link": "/document/705257/", "title": "Computational complexity analysis of set-bin-packing problem", "publication_year": 1998, "abstract": "Given a set of items and a set of bins of the same capacity, the Set-Bin-Packing Problem (SEP) is to pack all the items into the bins where each item is associated with a set and a bin can contain items as long as the number of distinct elements in the union of the sets does not exceed the capacity. One of applications is in FPGA technology mapping, which is our initial motivation. In FPGA terminology, an item, an element in an item, a bin, capacity correspond to a gate, an input signal of a gate, an LUT, and the number of input terminals of an LUT. In this paper, the computational complexity of SEP is studied with respect to three parameters; the number of input terminals of an LUT, the upper bound of the number of input signals of a gate, and the upper bound of the number of fanout gates of a signal, respectively. Our result reveals that SEP remains NP-hard for small values of these parameters. The results are summarized on a 3D map of computational complexities with respect to these three parameters.", "citations": 4},
{"document_link": "/document/6552561/", "title": "Heuristics approaches for the industrial Storage Problem", "publication_year": 2013, "abstract": "We investigate a real Storage Problem (SP) defined by the Tunisian company. It requires finding the minimum number of bins to pack all the available items (mattresses). Each item has a different sizes (width, height, length) and characteristics (ranges, colors, quantity). The problem is interpreted as Three-Dimensional Variable-Sized Bin Packing Problem (3D-VSBPP). Two heuristics are presented based on Best-Fit Decreasing (BFD) and Next-Fit decreasing (NFD) strategy. Those heuristics are analyzed in case; the number of bins is unlimited. The proposed approaches are analyzed on a real data with up to 9344 items and two bins types.", "citations": 1},
{"document_link": "/document/9635914/", "title": "PackerBot: Variable-Sized Product Packing with Heuristic Deep Reinforcement Learning", "publication_year": 2021, "abstract": "Product packing is a typical application in ware-house automation that aims to pick objects from unstructured piles and place them into bins with optimized placing policy. However, it still remains a significant challenge to finish the product packing tasks in general logistics scenarios where the objects are variable-sized and the configurations are complex. In this work, we present the PackerBot, a complete robotic pipeline for performing variable-sized product packing in unstructured scenes. First, by leveraging the imperfect experience of human packer, we propose a heuristic DRL framework for learning optimal online 3D bin packing policy. Then we integrate it with a 6-DoF suction-based picking module and a product size estimation module, leading to a complete product packing system, namely the PackerBot. Extensive experimental results show that our method achieves the state-of-the-art performance in both simulated and real-world tests. The video demonstration is available at: https://vsislab.github.io/packerbot.", "citations": 6},
{"document_link": "/document/9287914/", "title": "Packing Planning and Execution Considering Arrangement Rules", "publication_year": 2020, "abstract": "To send a consumer the ordered products in e-commerce, it is necessary to pack the products into a container. When packing, we need to consider the arrangement of the products to avoid damaging them during transportation by using the know-how of packing. In this paper, we propose a packing robot that plans the arrangement and then executes it. To develop this robot, we employ two ideas: one idea is to split the whole process into the arrangement of the objects and robot motion generation. The arrangement is regarded as the 3D bin-packing problem. The other idea is to use the heuristics of the packing so that objects are stacked from the bottom. Since the space above the target position is free from collisions, the strategy to approach from the top reduces the possibility of the collision. In the experiments, we succeeded in arranging eleven objects satisfying the assigned rules and packing ten of the eleven objects using the robot.", "citations": 4},
{"document_link": "/document/10310644/", "title": "A novel multi stage optimization algorithm for a 3D-BPP resolution", "publication_year": 2023, "abstract": "Several processes constituting the supply chain contain a common step participating in their improvements. It‘s the step of filling the products in their containers. We are talking about the bin-packing problem, which consists of finding the most economical storage of a set of objects in a finite number of bins that minimize the total of bins used.In our paper, we are interested to a three-dimension bin-packing problem, which is a combinatorial optimization problem and is known to be NP-Hard problem. We refer to two recent research works to create our multi-stage optimization named FillAbin to solve the three-Dimension bin-packing problem. The empirical study is based on two main plans. The first one is inspired from a real case in the PROMENS Company. The second plan is based on a benchmark used by two recent works. The obtained results showed the improvement realized by the proposed algorithm.", "citations": 0},
{"document_link": "/document/10319008/", "title": "Simultaneous Production and Transportation Problem to Minimize the Total Cost of Waiting Time and Tardiness", "publication_year": 2023, "abstract": "Customer demands for personalized products and fast delivery have become increasingly significant in e-commerce competition. Additive manufacturing (AM) has emerged as a solution to address the requirements of customized production. A recent advancement in AM, the mobile mini-factory, enables a truck equipped with a single 3D printer to produce orders en-route to customer’s location. This innovative mode of simultaneous production and transportation can reduce delivery times and storage expenses for companies. In this study, we investigate a simultaneous production and transportation problem to minimize the total cost of waiting time and tardiness (referred to as SPTP-CWT). The problem is formulated as a mixed integer linear programming (MILP) model. A heuristic approach, simulated annealing with hybrid mutation algorithm (SA-HM), is developed to solve large-sized instances. Computational experiments are conducted on benchmark instances and the results indicate that the proposed SA-HM is capable to give better solutions within a reasonable computation time when compared to directly solving the MILP model and an ant colony optimization algorithm.", "citations": 0},
{"document_link": "/document/9786518/", "title": "Optimization of ULD Load Planning Using MILP: Mixed Integer Linear Programming", "publication_year": 2022, "abstract": "The spreading of the COVID-19 virus limits the transportation services capacity, which heavily impacts the logistics business. In air freight services, flight arrangement relies on the number of passengers traveling from/to different destinies. Soon after COVID-19 vigorously spread, minor flight operation and transportation charges suddenly increased to cover higher operating costs while carriers aimed to maintain a consistent profit. The objective of this paper is to minimize high air freight expenses and reduce manual load planning by implementing MILP (Mixed integer linear programming), which supports automating cargo load planning. Moreover, 3D Load Packer is introduced to validate the output of optimized value received from CPLEX Optimization Studio to ensure loading feasibility. As a result, this study provides significant benefits in load planning speed and profit enhancement.", "citations": 0},
{"document_link": "/document/9612025/", "title": "Sharing-Aware Task Offloading of Remote Rendering for Interactive Applications in Mobile Edge Computing", "publication_year": 2023, "abstract": "Leveraging emerging mobile edge computing and 5G networks, researchers proposed to offload the 3D rendering of interactive applications (e.g. virtual reality and cloud gaming) onto GPU-based edge servers to reduce the user experienced latency. A task offloading problem arises, that is where to offload rendering tasks such that each user will experience tolerable delay and meanwhile the cost of used servers is minimized. The multi-dimensional resource sharing feature of rendering tasks makes the problem challenging. We formulate the task offloading problem into a boolean linear programming. We propose a sharing-aware offloading algorithm which decomposes the problem into two subproblems (user assignment and server packing) and solves them alternately and iteratively. We compare our algorithm with the one without resource sharing in consideration, and the simulations demonstrate that our method can effectively reduce cost as well as satisfy delay requirement.", "citations": 2},
{"document_link": "/document/9926427/", "title": "MetaGraspNet: A Large-Scale Benchmark Dataset for Scene-Aware Ambidextrous Bin Picking via Physics-based Metaverse Synthesis", "publication_year": 2022, "abstract": "Autonomous bin picking poses significant challenges to vision-driven robotic systems given the complexity of the problem, ranging from various sensor modalities, to highly entangled object layouts, to diverse item properties and gripper types. Existing methods often address the problem from one perspective. Diverse items and complex bin scenes require diverse picking strategies together with advanced reasoning. As such, to build robust and effective machine-learning algorithms for solving this complex task requires significant amounts of comprehensive and high quality data. Collecting such data in real world would be too expensive and time prohibitive and therefore intractable from a scalability perspective. To tackle this big, diverse data problem, we take inspiration from the recent rise in the concept of metaverses, and introduce MetaGraspNet, a large-scale photo-realistic bin picking dataset constructed via physics-based metaverse synthesis. The pro-posed dataset contains 217k RGBD images across 82 different article types, with full annotations for object detection, amodal perception, keypoint detection, manipulation order and ambidextrous grasp labels for a parallel-jaw and vacuum gripper. We also provide a real dataset consisting of over 2.3k fully annotated high-quality RGBD images, divided into 5 levels of difficulties and an unseen object set to evaluate different object and layout properties. Finally, we conduct extensive experiments showing that our proposed vacuum seal model and synthetic dataset achieves state-of-the-art performance and generalizes to real world use-cases.", "citations": 3},
{"document_link": "/document/9196850/", "title": "Towards an Intelligent Collaborative Robotic System for Mixed Case Palletizing", "publication_year": 2020, "abstract": "In this paper, a novel human-robot collaborative framework for mixed case palletizing is presented. The framework addresses several challenges associated with the detection and localisation of boxes and pallets through visual perception algorithms, high-level optimisation of the collaborative effort through effective role-allocation principles, and maximisation of packing density. A graphical user interface (GUI) is additionally developed to ensure an intuitive allocation of roles and the optimal placement of the boxes on target pallets. The framework is evaluated in two conditions where humans operate with and without the support of a Mobile COllaborative robotic Assistant (MOCA). The results show that the optimised placement can improve up to the 20% with respect to a manual execution of the same task, and reveal the high potential of MOCA in increasing the performance of collaborative palletizing tasks.", "citations": 18},
{"document_link": "/document/9733596/", "title": "A Combinatorial Approach to Detection of Box Pallet Layouts", "publication_year": 2021, "abstract": "This paper presents an algorithm for detection and pose estimation of cardboard parcel boxes in depth images based on combinatorial enumeration. It is designed for sensor-driven manipulation of pallets consisting of stacked planar layers chiefly using 3D range measurements. The proposed method initially detects the planar top layer of the pallet and its polygonal contour, possibly containing holes. Then, it enumerates the hypotheses about the layout of the pallet layer and estimates the best matching configuration. Experiments on a real dataset assess the feasibility of the proposed approach.", "citations": 2},
{"document_link": "/document/7021260/", "title": "Ant system based 3D fixed-outline floor planning", "publication_year": 2014, "abstract": "The three dimension integrated circuit (3D IC) can alleviate the interconnect issue in the nanoscale era, and is promising for heterogeneous integration. In this paper, we propose a two-phase method, combining ant system algorithm (AS) and simulated annealing to handle the 3D IC floorplanning with fixed-outline constraints. We propose a floorplan construction method for AS, where blocks are packed one by one, and the partitioned sequence pair is used to represent 3D IC floorplans. During the packing procedure, we have to make two decisions: (1) selecting a block to pack and (2) finding a proper position for the selected block in the constructed partial floorplan. The AS is used to explore the appropriate orders for packing blocks. When packing a block, the best position in the partial constructed floorplan will be selected. In the AS, we use the area of a block and the connection degree between blocks to represent the heuristic information, and also modify the pheromone update rule to adapt to the 3D IC floorplanning problem. The experimental results show the effectiveness of the proposed method.", "citations": 0},
{"document_link": "/document/9659967/", "title": "Bi-Objective Splitting Delivery VRP with Loading Constraints and Restricted Access", "publication_year": 2021, "abstract": "The splitting delivery vehicle routing problem with 3-dimensional loading constraints (3L-SDVRP) is an important and challenging VRP variant. The problem consists of two subproblems: the routing and 3D bin packing, each of which is NP-hard by itself. Compared with CVRP, 3L-SDVRP is much closer to the reality. There have been many studies on 3L-SDVRP. However, to our best knowledge, no complete mathematical model has been formalised with comprehensive loading constraints and there are still some real-world factors ignored in the existing studies. In this paper, we consider a more realistic 3L-SDVRP model with restricted access provided by the 2021 HUAWEI Logistics Competition, which is different from existing problem models in two aspects. First, this problem considers the total travel cost and average loading rate simultaneously. Second, this problem has additional constraints related to certain special pickup points. These differences make existing optimisation approaches not directly applicable. A major contribution of this paper is the formal mathematical model developed for this new 3L-SDVRP. In addition, we propose a genetic algorithm with an efficient fitness evaluation. The proposed algorithm has been demonstrated to significantly outperform the baseline solver provided by the competition in solving the problem instances from the competition and the ones adapted from benchmark datasets of related problems.", "citations": 0},
{"document_link": "/document/9500191/", "title": "Fine-Grained Patch Segmentation and Rasterization for 3-D Point Cloud Attribute Compression", "publication_year": 2021, "abstract": "Due to the high dimensionality of point cloud data and the irregularity and complexity of its geometric structure, effective attribute compression remains a very challenging task. Many recent efforts have focused on transforming point clouds into images and leveraging existing sophisticated image/video codecs to improve attribute coding efficiency. However, how to synthesize coherent and correlation-preserving attribute images is still inadequately addressed by existing studies, which are hindering the exertion of the merits of well-developed compression infrastructure. In this paper, we present a novel image synthesis method for effective point cloud attribute compression. Firstly, the proposed scheme segments a given point cloud into a collection of fine-grained patches by performing geometric structure analysis using heat kernel signature feature descriptor and complex points; Secondly, we transform the obtained patches from 3-D to 2-D using a low-dimensional embedding algorithm and then convert them into patch attribute images with the proposed patch rasterization and rectification method; And finally, we compactly assemble all the attribute images of patches together by formulating it as a bin nesting problem and harvest an attribute image of the whole point cloud for image/video-based compression. Experimental results demonstrate the effectiveness of the proposed method in point cloud attribute compression and its superiority over state-of-the-art codecs. The source code of this work is publicly available at \n<uri xmlns:mml=\"http://www.w3.org/1998/Math/MathML\" xmlns:xlink=\"http://www.w3.org/1999/xlink\">https://github.com/pccompession/UPCAC</uri>\n.", "citations": 5},
{"document_link": "/document/9655483/", "title": "Optimal Multicasting in Millimeter Wave 5G NR With Multi-Beam Directional Antennas", "publication_year": 2023, "abstract": "The support of multicast communications in the fifth-generation (5G) New Radio (NR) system poses unique challenges to system designers. Particularly, the highly directional antennas do not allow to serve all the user equipment devices (UEs) that belong to the same multicast session in a single transmission. The capability of modern antenna arrays to utilize multiple beams simultaneously, with potentially varying half-power beamwidth, adds a new degree of freedom to the UE scheduling. This work addresses the challenge of optimal multicasting in 5G millimeter wave (mmWave) systems by presenting a globally optimal solution for multi-beam antenna operation. The optimization problem is formulated as a special case of multi-period variable cost and size bin packing problem that allows to not impose any constraints on the number of the beams and their configurations. We also propose heuristic solutions having polynomial time complexity. Our results show that for small cell radii of up to 100 meters, a single beam is always utilized. For higher cell coverage and practical ranges of the number of users (5-50), the optimal number of beams is upper bounded by 3.", "citations": 5},
{"document_link": "/document/8714802/", "title": "REGENT: A Heterogeneous ReRAM/GPU-based Architecture Enabled by NoC for Training CNNs", "publication_year": 2019, "abstract": "The growing popularity of Convolutional Neural Networks (CNNs) has led to the search for efficient computational platforms to enable these algorithms. Resistive random-access memory (ReRAM)-based architectures offer a promising alternative to commonly used GPU-based platforms for CNN training. However, backpropagation in CNNs is susceptible to the limited precision of ReRAMs. As a result, training CNNs on ReRAMs affects the final accuracy of learned model. In this work, we propose REGENT, a heterogeneous architecture that combines ReRAM arrays with GPU cores, and exploits the benefits provided by 3D integration along with a high-throughput yet energy efficient Network-on-Chip (NoC) for training CNNs. We also propose a bin-packing based framework that maps CNN layers and then optimize the placement of computing elements to meet the targeted design objectives. Experimental evaluations indicate that REGENT improves full-system EDP by 55.7% on average compared to conventional GPU-only platforms for training CNNs.", "citations": 11},
{"document_link": "/document/10000343/", "title": "Stack Algorithm Implementation in Robot-Based Mixed Case Palletizing System", "publication_year": 2022, "abstract": "This paper documents the design procedure of a mixed case palletizing system using the ABB robot variant, IRB660. With the evolution of the e-commerce industry and rising volumes of stock-flow in warehouses and trading facilities, there has been a requirement for the automation of some of the most important operations. An automated palletizing system is a potential solution for this problem, to create optimized pallets with greater packing density and pallet support compared with the manual practices in operation. By completing this project, the authors will provide an entirely robotized palletizing system capable of responding to any customized packing order in a quick and efficient manner. The system is designed to handle 1000 or more cases per hour making it ideal for any warehouse or logistic facility dealing with a high number of stock-keeping units. Starting with a literature review and market research on the available systems, three different bin packing algorithms were stated: the Guillotine, MAXRECTS, and Skyline algorithms. Further, a new metric ‘percolation’ was introduced to measure and compare the packing quality of a pallet. The main section of this paper consists of a study of the design solution the authors have implemented for the AI stacking algorithm while introducing the palletizing UI used in the system. A data-driven 3D bin packing approach was considered for the stacking process which makes use of even-height super boxes to form dense and supported pallets. This method was chosen for its flexibility and reliable packing density of 80% made within a short time frame. Moving to the UI, a sample design of a graphical user interface (GUI) was first made in Figma while focusing on the different functionalities of the palletizing system before implementing the UI as a Windows Forms application. A 2D image of the ongoing pallet is displayed with several other customizing features such as selecting the stacking pattern and choosing different box/ pallet dimensions. Finally, a workcell was devised in RobotStudio® to simulate the operation and testing facilities of the authors' design solution. In close, this report satisfies all the design requirements with detailed descriptions and analyses of the team's approach.", "citations": 1},
{"document_link": "/document/7408327/", "title": "Automating the production planning of a 3D printing factory", "publication_year": 2015, "abstract": "To increase a 3D printer's throughput and decrease the print objects' lead times, composing good batches for 3D printers in high-volume 3D printing environments is of great importance. Since manual planners cannot oversee the whole production planning, they tend to make sub-optimal decisions. This paper presents a two-stage procedure that automatically generates batches for multiple 3D printers. The first stage consists of allocating objects to a batch. This problem is an extension of the classical one-dimensional bin packing problem by including lateness and object size mixture requirements. In the second stage, the positions of the print objects in a tray are determined by using third party three-dimensional packing software. By simulating the production planning of Shapeways, a popular 3D printing marketplace, model parameters are calibrated and the performance of the two-stage procedure is evaluated. The results show an increase of the throughput of the 3D-printers by approximately 10% in comparison with manually created batches.", "citations": 12},
{"document_link": "/document/7035333/", "title": "A distributed, reconfigurable, and reusable bist infrastructure for 3D-stacked ICs", "publication_year": 2014, "abstract": "We present an end-to-end design of a built-in self-test (BIST) infrastructure for 3D-stacked ICs that facilitates the use of BIST at multiple stages of 3D integration. The proposed BIST design is distributed, reusable, and reconfigurable, hence it is attractive for both pre-bond and post-bond testing. We also provide support for translating a static BIST schedule into a set of BIST control instructions. The BIST design is validated using detailed simulations of the various operating modes. We present results on synthetic stacks created from ITC'99 and Open-Core benchmark circuits and assess the impact of inserting BIST in these designs in terms of area, timing, and power overhead. Results show that the overhead due to BIST is negligible. We also formulate a test-scheduling problem that aims at minimizing test time under BIST-resource and power constraints, and use two algorithms based on bin packing for solving the problem.", "citations": 0},
{"document_link": "/document/934327/", "title": "Using a co-operative co-evolutionary genetic algorithm to solve a three-dimensional container loading problem", "publication_year": 2001, "abstract": "The paper presents the use of a co-operative co-evolutionary genetic algorithm (CCGA) in conjunction with a heuristic rule for solving a 3D container loading or bin packing problem. Unlike previous works which concentrate on using either a heuristic rule or an optimisation technique to find an optimal sequence of the packages which must be loaded into the containers, the proposed heuristic rule is used to partition the entire loading sequence into a number of shorter sequences. Each partitioned sequence is then represented by a species member in the CCGA search. The simulation results indicate that the use of the heuristic rule and the CCGA is proven to be highly efficient in terms of the minimal number of containers required in comparison to the results given by a standard genetic algorithm search. In addition, this helps to confirm that the CCGA is also suitable for use in a sequence-based optimisation problem.", "citations": 11},
{"document_link": "/document/694765/", "title": "Multi-level texture caching for 3D graphics hardware", "publication_year": 1998, "abstract": "Traditional graphics hardware architectures implement what we call the push architecture for texture mapping. Local memory is dedicated to the accelerator for fast local retrieval of texture during rasterization, and the application is responsible for managing this memory. The push architecture has a bandwidth advantage, but disadvantages of limited texture capacity, escalation of accelerator memory requirements (and therefore cost), and poor memory utilization. The push architecture also requires the programmer to solve the bin-packing problem of managing accelerator memory each frame. More recently graphics hardware on PC-class machines has moved to an implementation of what we call the pull architecture. Texture is stored in system memory and downloaded by the accelerator as needed. The pull architecture has advantages of texture capacity, stems the escalation of accelerator memory requirements, and has good memory utilization. It also frees the programmer from accelerator texture memory management. However, the pull architecture suffers escalating requirements for bandwidth from main memory to the accelerator. In this paper we propose multi-level texture caching to provide the accelerator with the bandwidth advantages of the push architecture combined with the capacity advantages of the pull architecture. We have studied the feasibility of 2-level caching and found the following: (1) significant re-use of texture between frames; (2) L2 caching requires significantly less memory than the push architecture; (3) L2 caching requires significantly less bandwidth from host memory than the pull architecture; (4) L2 caching enables implementation of smaller L1 caches that would otherwise bandwidth-limit accelerators on the workloads in this paper. Results suggest that an L2 cache achieves the original advantage of the pull architecture stemming the growth of local texture memory - while at the same time stemming the current explosion in demand for texture bandwidth between host memory and the accelerator.", "citations": 21}
]