[
{"title": "Fast Neighborhood Search Heuristics for the Colorful Bin Packing Problem", "abstract": "The Colorful Bin Packing Problem (CBPP) is a generalization of the Bin Packing Problem (BPP). The CBPP consists of packing a set of items, each with a weight and a color, in bins of limited capacity, minimizing the number of used bins and satisfying the constraint that two items of the same color cannot be packed side by side in the same bin. In this article, we proposed an adaptation of BPP heuristics and new heuristics for the CBPP. Moreover, we propose a set of fast neighborhood search algorithms for CBPP. These neighborhoods are applied in a meta-heuristic approach based on the Variable Neighborhood Search (VNS) and a matheuristic approach that mixes linear programming with the meta-heuristics VNS and Greedy Randomized Adaptive Search (GRASP). The results indicate that our matheuristic is superior to VNS and that both approaches can find near-optimal solutions for a large number instances, even for instances with many items.", "submitted_date": "6 October, 2023", "scraped_time": "2023-12-13 11:58:48"},
{"title": "QAL-BP: An Augmented Lagrangian Quantum Approach for Bin Packing Problem", "abstract": "The bin packing is a well-known NP-Hard problem in the domain of artificial intelligence, posing significant challenges in finding efficient solutions. Conversely, recent advancements in quantum technologies have shown promising potential for achieving substantial computational speedup, particularly in certain problem classes, such as combinatorial optimization. In this study, we introduce QAL-BP, a novel Quadratic Unconstrained Binary Optimization (QUBO) formulation designed specifically for bin packing and suitable for quantum computation. QAL-BP utilizes the augmented Lagrangian method to incorporate the bin packing constraints into the objective function while also facilitating an analytical estimation of heuristic, but empirically robust, penalty multipliers. This approach leads to a more versatile and generalizable model that eliminates the need for empirically calculating instance-dependent Lagrangian coefficients, a requirement commonly encountered in alternative QUBO formulations for similar problems. To assess the effectiveness of our proposed approach, we conduct experiments on a set of bin-packing instances using a real Quantum Annealing device. Additionally, we compare the results with those obtained from two different classical solvers, namely simulated annealing and Gurobi. The experimental findings not only confirm the correctness of the proposed formulation but also demonstrate the potential of quantum computation in effectively solving the bin-packing problem, particularly as more reliable quantum technology becomes available.", "submitted_date": "22 September, 2023", "scraped_time": "2023-12-13 11:58:48"},
{"title": "Solving Logistic-Oriented Bin Packing Problems Through a Hybrid Quantum-Classical Approach", "abstract": "The Bin Packing Problem is a classic problem with wide industrial applicability. In fact, the efficient packing of items into bins is one of the toughest challenges in many logistic corporations and is a critical issue for reducing storage costs or improving vehicle space allocation. In this work, we resort to our previously published quantum-classical framework known as Q4RealBPP, and elaborate on the solving of real-world oriented instances of the Bin Packing Problem. With this purpose, this paper gravitates on the following characteristics: i) the existence of heterogeneous bins, ii) the extension of the framework to solve not only three-dimensional, but also one- and two-dimensional instances of the problem, iii) requirements for item-bin associations, and iv) delivery priorities. All these features have been tested in this paper, as well as the ability of Q4RealBPP to solve real-world oriented instances.", "submitted_date": "21 August, 2023", "scraped_time": "2023-12-13 11:58:48"},
{"title": "Approximation algorithms for the square min-sum bin packing problem", "abstract": "In this work, we study the square min-sum bin packing problem (SMSBPP), where a list of square items has to be packed into indexed square bins of dimensions $1 \\times 1$ with no overlap between the areas of the items. The bins are indexed and the cost of packing each item is equal to the index of the bin in which it is placed in. The objective is to minimize the total cost of packing all items, which is equivalent to minimizing the average cost of items. The problem has applications in minimizing the average time of logistic operations such as cutting stock and delivery of products. We prove that classic algorithms for two-dimensional bin packing that order items in non-increasing order of size, such as Next Fit Decreasing Height or Any Fit Decreasing Height heuristics, can have an arbitrarily bad performance for SMSBPP. We, then, present a $\\frac{53}{22}$-approximation and a PTAS for the problem.", "submitted_date": "13 July, 2023", "scraped_time": "2023-12-13 11:58:48"},
{"title": "A Virtual-Force Based Swarm Algorithm for Balanced Circular Bin Packing Problems", "abstract": "Balanced circular bin packing problems consist in positioning a given number of weighted circles in order to minimize the radius of a circular container while satisfying equilibrium constraints. These problems are NP-hard, highly constrained and dimensional. This paper describes a swarm algorithm based on a virtual-force system in order to solve balanced circular bin packing problems. In the proposed approach, a system of forces is applied to each component allowing to take into account the constraints and minimizing the objective function using the fundamental principle of dynamics. The proposed algorithm is experimented and validated on benchmarks of various balanced circular bin packing problems with up to 300 circles. The reported results allow to assess the effectiveness of the proposed approach compared to existing results from the literature.", "submitted_date": "6 June, 2023", "scraped_time": "2023-12-13 11:58:48"},
{"title": "Algorithms for the Bin Packing Problem with Scenarios", "abstract": "This paper presents theoretical and practical results for the bin packing problem with scenarios, a generalization of the classical bin packing problem which considers the presence of uncertain scenarios, of which only one is realized. For this problem, we propose an absolute approximation algorithm whose ratio is bounded by the square root of the number of scenarios times the approximation ratio for an algorithm for the vector bin packing problem. We also show how an asymptotic polynomial-time approximation scheme is derived when the number of scenarios is constant. As a practical study of the problem, we present a branch-and-price algorithm to solve an exponential model and a variable neighborhood search heuristic. To speed up the convergence of the exact algorithm, we also consider lower bounds based on dual feasible functions. Results of these algorithms show the competence of the branch-and-price in obtaining optimal solutions for about 59% of the instances considered, while the combined heuristic and branch-and-price optimally solved 62% of the instances considered.", "submitted_date": "24 May, 2023", "scraped_time": "2023-12-13 11:58:48"},
{"title": "Mathematical Models and Exact Algorithms for the Colored Bin Packing Problem", "abstract": "This paper focuses on exact approaches for the Colored Bin Packing Problem (CBPP), a generalization of the classical one-dimensional Bin Packing Problem in which each item has, in addition to its length, a color, and no two items of the same color can appear consecutively in the same bin. To simplify modeling, we present a characterization of any feasible packing of this problem in a way that does not depend on its ordering. Furthermore, we present four exact algorithms for the CBPP. First, we propose a generalization of Valério de Carvalho's arc flow formulation for the CBPP using a graph with multiple layers, each representing a color. Second, we present an improved arc flow formulation that uses a more compact graph and has the same linear relaxation bound as the first formulation. And finally, we design two exponential set-partition models based on reductions to a generalized vehicle routing problem, which are solved by a branch-cut-and-price algorithm through VRPSolver. To compare the proposed algorithms, a varied benchmark set with 574 instances of the CBPP is presented. Results show that the best model, our improved arc flow formulation, was able to solve over 62% of the proposed instances to optimality, the largest of which with 500 items and 37 colors. While being able to solve fewer instances in total, the set-partition models exceeded their arc flow counterparts in instances with a very small number of colors.", "submitted_date": "24 May, 2023", "scraped_time": "2023-12-13 11:58:48"},
{"title": "Benchmark dataset and instance generator for Real-World Three-Dimensional Bin Packing Problems", "abstract": "In this article, a benchmark for real-world bin packing problems is proposed. This dataset consists of 12 instances of varying levels of complexity regarding size (with the number of packages ranging from 38 to 53) and user-defined requirements. In fact, several real-world-oriented restrictions were taken into account to build these instances: i) item and bin dimensions, ii) weight restrictions, iii) affinities among package categories iv) preferences for package ordering and v) load balancing. Besides the data, we also offer an own developed Python script for the dataset generation, coined Q4RealBPP-DataGen. The benchmark was initially proposed to evaluate the performance of quantum solvers. Therefore, the characteristics of this set of instances were designed according to the current limitations of quantum devices. Additionally, the dataset generator is included to allow the construction of general-purpose benchmarks. The data introduced in this article provides a baseline that will encourage quantum computing researchers to work on real-world bin packing problems.", "submitted_date": "29 June, 2023", "scraped_time": "2023-12-13 11:58:48"},
{"title": "Hybrid Approach for Solving Real-World Bin Packing Problem Instances Using Quantum Annealers", "abstract": "Efficient packing of items into bins is a common daily task. Known as Bin Packing Problem, it has been intensively studied in the field of artificial intelligence, thanks to the wide interest from industry and logistics. Since decades, many variants have been proposed, with the three-dimensional Bin Packing Problem as the closest one to real-world use cases. We introduce a hybrid quantum-classical framework for solving real-world three-dimensional Bin Packing Problems (Q4RealBPP), considering different realistic characteristics, such as: i) package and bin dimensions, ii) overweight restrictions, iii) affinities among item categories and iv) preferences for item ordering. Q4RealBPP permits the solving of real-world oriented instances of 3dBPP, contemplating restrictions well appreciated by industrial and logistics sectors.", "submitted_date": "25 May, 2023", "scraped_time": "2023-12-13 11:58:48"},
{"title": "Quantum and quantum-inspired optimization for solving the minimum bin packing problem", "abstract": "Quantum computing devices are believed to be powerful in solving hard computational tasks, in particular, combinatorial optimization problems. In the present work, we consider a particular type of the minimum bin packing problem, which can be used for solving the problem of filling spent nuclear fuel in deep-repository canisters that is relevant for atomic energy industry. We first redefine the aforementioned problem it in terms of quadratic unconstrained binary optimization. Such a representation is natively compatible with existing quantum annealing devices as well as quantum-inspired algorithms. We then present the results of the numerical comparison of quantum and quantum-inspired methods. Results of our study indicate on the possibility to solve industry-relevant problems of atomic energy industry using quantum and quantum-inspired optimization.", "submitted_date": "26 January, 2023", "scraped_time": "2023-12-13 11:58:48"},
{"title": "Solving the Batch Stochastic Bin Packing Problem in Cloud: A Chance-constrained Optimization Approach", "abstract": "This paper investigates a critical resource allocation problem in the first party cloud: scheduling containers to machines. There are tens of services and each service runs a set of homogeneous containers with dynamic resource usage; containers of a service are scheduled daily in a batch fashion. This problem can be naturally formulated as Stochastic Bin Packing Problem (SBPP). However, traditional SBPP research often focuses on cases of empty machines, whose objective, i.e., to minimize the number of used machines, is not well-defined for the more common reality with nonempty machines. This paper aims to close this gap. First, we define a new objective metric, Used Capacity at Confidence (UCaC), which measures the maximum used resources at a probability and is proved to be consistent for both empty and nonempty machines, and reformulate the SBPP under chance constraints. Second, by modeling the container resource usage distribution in a generative approach, we reveal that UCaC can be approximated with Gaussian, which is verified by trace data of real-world applications. Third, we propose an exact solver by solving the equivalent cutting stock variant as well as two heuristics-based solvers -- UCaC best fit, bi-level heuristics. We experimentally evaluate these solvers on both synthetic datasets and real application traces, demonstrating our methodology's advantage over traditional SBPP optimal solver minimizing the number of used machines, with a low rate of resource violations.", "submitted_date": "20 July, 2022", "scraped_time": "2023-12-13 11:58:48"},
{"title": "Comparative Benchmark of a Quantum Algorithm for the Bin Packing Problem", "abstract": "The Bin Packing Problem (BPP) stands out as a paradigmatic combinatorial optimization problem in logistics. Quantum and hybrid quantum-classical algorithms are expected to show an advantage over their classical counterparts in obtaining approximate solutions for optimization problems. We have recently proposed a hybrid approach to the one dimensional BPP in which a quantum annealing subroutine is employed to sample feasible solutions for single containers. From this reduced search space, a classical optimization subroutine can find the solution to the problem. With the aim of going a step further in the evaluation of our subroutine, in this paper we compare the performance of our procedure with other classical approaches. Concretely we test a random sampling and a random-walk-based heuristic. Employing a benchmark comprising 18 instances, we show that the quantum approach lacks the stagnation behaviour that slows down the classical algorithms. Based on this, we conclude that the quantum strategy can be employed jointly with the random walk to obtain a full sample of feasible solutions in fewer iterations. This work improves our intuition about the benefits of employing the scarce quantum resources to improve the results of a diminishingly efficient classical strategy.", "submitted_date": "15 July, 2022", "scraped_time": "2023-12-13 11:58:48"},
{"title": "Maximum independent set (stable set) problem: Computational testing with binary search and convex programming using a bin packing approach", "abstract": "This paper deals with the maximum independent set (M.I.S.) problem, also known as the stable set problem. The basic mathematical programming model that captures this problem is an Integer Program (I.P.) with zero-one variables $x_j$ and only the \\textit{edge inequalities} with an objective function value of the form $~\\textstyle \\sum_{j=1}^N x_j~$ where $N$ is the number of vertices in the input. We consider $LP(k)$, which is the Linear programming (LP) relaxation of the I.P. with an additional constraint $\\textstyle \\sum_{j=1}^N x_j = k ~~ (0 \\le k \\le N). ~~ $ We then consider a convex programming variant $CP(k)$ of $LP(k)$, which is the same as $LP(k)$, except that the objective function is a nonlinear convex function (which we minimise). $~$The M.I.S. problem can be solved by solving $CP(k)$ for every value of $k$ in the interval $~0 \\le k \\le N~$ where the convex function is minimised using a \\it{bin packing} type of approach. In this paper, we present efforts to developing a convex function for $CP(k)$.", "submitted_date": "20 March, 2023", "scraped_time": "2023-12-13 11:58:48"},
{"title": "Hybrid Quantum-Classical Heuristic for the Bin Packing Problem", "abstract": "Optimization problems is one of the most challenging applications of quantum computers, as well as one of the most relevants. As a consequence, it has attracted huge efforts to obtain a speedup over classical algorithms using quantum resources. Up to now, many problems of different nature have been addressed through the perspective of this revolutionary computation paradigm, but there are still many open questions. In this work, a hybrid classical-quantum approach is presented for dealing with the one-dimensional Bin Packing Problem (1dBPP). The algorithm comprises two modules, each one designed for being executed in different computational ecosystems. First, a quantum subroutine seeks a set of feasible bin configurations of the problem at hand. Secondly, a classical computation subroutine builds complete solutions to the problem from the subsets given by the quantum subroutine. Being a hybrid solver, we have called our method H-BPP. To test our algorithm, we have built 18 different 1dBPP instances as a benchmarking set, in which we analyse the fitness, the number of solutions and the performance of the QC subroutine. Based on these figures of merit we verify that H-BPP is a valid technique to address the 1dBPP.", "submitted_date": "12 April, 2022", "scraped_time": "2023-12-13 11:58:48"},
{"title": "A Data-Driven Column Generation Algorithm For Bin Packing Problem in Manufacturing Industry", "abstract": "The bin packing problem exists widely in real logistic scenarios (e.g., packing pipeline, express delivery), with its goal to improve the packing efficiency and reduce the transportation cost. In this NP-hard combinatorial optimization problem, the position and quantity of each item in the box are strictly restricted by complex constraints and special customer requirements. Existing approaches are hard to obtain the optimal solution since rigorous constraints cannot be handled within a reasonable computation load. In this paper, for handling this difficulty, the packing knowledge is extracted from historical data collected from the packing pipeline of Huawei. First, by fully exploiting the relationship between historical packing records and input orders(orders to be packed) , the problem is reformulated as a set cover problem. Then, two novel strategies, the constraint handling and process acceleration strategies are applied to the classic column generation approach to solve this set cover problem. The cost of solving pricing problem for generating new columns is high due to the complex constraints and customer requirements. The proposed constraints handling strategy exploits the historical packing records with the most negative value of the reduced cost. Those constraints have been implicitly satisfied in these historical packing records so that there is no need to conduct further evaluation on constraints, thus the computational load is saved. To further eliminate the iteration process of column generation algorithm and accelerate the optimization process, a Learning to Price approach called Modified Pointer Network is proposed, by which we can determine which historical packing records should be selected directly. Through experiments on realworld datasets, we show our proposed method can improve the packing success rate and decrease the computation time simultaneously.", "submitted_date": "24 February, 2022", "scraped_time": "2023-12-13 11:58:48"},
{"title": "An online bin-packing problem with an underlying ternary structure", "abstract": "Following an orginal idea by Knödel, an online bin-packing problem is considered where the the large items arrive in double-packs. The dual problem where the small items arrive in double-packs is also considered. The enumerations have a ternary random walk flavour, and for the enumeration, the kernel method is employed.", "submitted_date": "7 September, 2021", "scraped_time": "2023-12-13 11:58:48"},
{"title": "Adaptive Simulated Annealing with Greedy Search for the Circle Bin Packing Problem", "abstract": "We introduce a new bin packing problem, termed the circle bin packing problem with circular items (CBPP-CI). The problem involves packing all the circular items into multiple identical circle bins as compact as possible with the objective of minimizing the number of used bins. We first define the tangent occupying action (TOA) and propose a constructive greedy algorithm that sequentially packs the items into places tangent to the packed items or the bin boundaries. Moreover, to avoid falling into a local minimum trap and efficiently judge whether an optimal solution has been established, we continue to present the adaptive simulated annealing with greedy search (ASA-GS) algorithm that explores and exploits the search space efficiently. Specifically, we offer two novel local perturbation strategies to jump out of the local optimum and incorporate the greedy search to achieve faster convergence. The parameters of ASA-GS are adaptive according to the number of items so that they can be size-agnostic across the problem scale. We design two sets of new benchmark instances, and the empirical results show that ASA-GS completely outperforms the constructive greedy algorithm. Moreover, the packing density of ASA-GS on the top few dense bins is much higher than that of the state-of-the-art algorithm for the single circle packing problem, inferring the high quality of the packing solutions for CBPP-CI.", "submitted_date": "6 August, 2021", "scraped_time": "2023-12-13 11:58:48"},
{"title": "A tight lower bound for the online bounded space hypercube bin packing problem", "abstract": "In the $d$-dimensional hypercube bin packing problem, a given list of $d$-dimensional hypercubes must be packed into the smallest number of hypercube bins. Epstein and van Stee [SIAM J. Comput. 35 (2005)] showed that the asymptotic performance ratio $ρ$ of the online bounded space variant is $Ω(\\log d)$ and $O(d/\\log d)$, and conjectured that it is $Θ(\\log d)$. We show that $ρ$ is in fact $Θ(d/\\log d)$, using probabilistic arguments.", "submitted_date": "7 September, 2021", "scraped_time": "2023-12-13 11:58:48"},
{"title": "On the Fault-Tolerant Online Bin Packing Problem", "abstract": "We study the fault-tolerant variant of the online bin packing problem. Similar to the classic bin packing problem, an online sequence of items of various sizes should be packed into a minimum number of bins of uniform capacity. For applications such as server consolidation, where bins represent servers and items represent jobs of different loads, it is required to maintain fault-tolerant solutions. In a fault-tolerant packing, any job is replicated into f+1 servers, for some integer f > 1, so that the failure of up to f servers does not interrupt service. We build over a practical model introduced by Li and Tang [SPAA 2017] in which each job of load $x$ has a primary replica of load $x$ and $f$ standby replicas, each of load $x/η$, where $η>1$ is a parameter of the problem. Upon failure of up to $f$ servers, any primary replica in a failed bin should be replaced by one of its standby replicas so that the extra load of the new primary replica does not cause an overflow in its bin. We study a general setting in which bins might fail while the input is still being revealed. Our main contribution is an algorithm, named Harmonic-Stretch, which maintains fault-tolerant packings under this general setting. We prove that Harmonic-Stretch has an asymptotic competitive ratio of at most 1.75. This is an improvement over the best existing asymptotic competitive ratio 2 of an algorithm by Li and Tang [TPDS 2020], which works under a model in which bins fail only after all items are packed.", "submitted_date": "6 July, 2021", "scraped_time": "2023-12-13 11:58:48"},
{"title": "Applying Gene Expression Programming for Solving One-Dimensional Bin-Packing Problems", "abstract": "This work aims to study and explore the use of Gene Expression Programming (GEP) in solving the on-line Bin-Packing problem. The main idea is to show how GEP can automatically find acceptable heuristic rules to solve the problem efficiently and economically. One dimensional Bin-Packing problem is considered in the course of this work with the constraint of minimizing the number of bins filled with the given pieces. Experimental Data includes instances of benchmark test data taken from Falkenauer (1996) for One-dimensional Bin-Packing Problems. Results show that GEP can be used as a very powerful and flexible tool for finding interesting compact rules suited for the problem. The impact of functions is also investigated to show how they can affect and influence the success of rates when they appear in rules. High success rates are gained with smaller population size and fewer generations compared to previous work performed using Genetic Programming.", "submitted_date": "13 January, 2020", "scraped_time": "2023-12-13 11:58:48"},
{"title": "Adaptive Large Neighborhood Search for Circle Bin Packing Problem", "abstract": "We address a new variant of packing problem called the circle bin packing problem (CBPP), which is to find a dense packing of circle items to multiple square bins so as to minimize the number of used bins. To this end, we propose an adaptive large neighborhood search (ALNS) algorithm, which uses our Greedy Algorithm with Corner Occupying Action (GACOA) to construct an initial layout. The greedy solution is usually in a local optimum trap, and ALNS enables multiple neighborhood search that depends on the stochastic annealing schedule to avoid getting stuck in local minimum traps. Specifically, ALNS perturbs the current layout to jump out of a local optimum by iteratively reassigns some circles and accepts the new layout with some probability during the search. The acceptance probability is adjusted adaptively using simulated annealing that fine-tunes the search direction in order to reach the global optimum. We benchmark computational results against GACOA in heterogeneous instances. ALNS always outperforms GACOA in improving the objective function, and in several cases, there is a significant reduction on the number of bins used in the packing.", "submitted_date": "20 January, 2020", "scraped_time": "2023-12-13 11:58:48"},
{"title": "Parallel Online Algorithms for the Bin Packing Problem", "abstract": "We study \\emph{parallel} online algorithms:  For some fixed integer $k$, a collective of $k$ parallel processes that perform online decisions on the same sequence of events forms a $k$-\\emph{copy algorithm}.  For any given time and input sequence, the overall performance is determined by the best of the $k$ individual total results.  Problems of this type have been considered for online makespan minimization; they are also related to optimization with \\emph{advice} on future events, i.e., a number of bits available in advance.  We develop \\textsc{Predictive Harmonic}$_3$ (PH3), a relatively simple family of $k$-copy algorithms for the online Bin Packing Problem, whose joint competitive factor converges to 1.5 for increasing $k$. In particular, we show that $k=6$ suffices to guarantee a factor of $1.5714$ for PH3, which is better than $1.57829$, the performance of the best known 1-copy algorithm \\textsc{Advanced Harmonic}, while $k=11$ suffices to achieve a factor of $1.5406$, beating the known lower bound of $1.54278$ for a single online algorithm.  In the context of online optimization with advice, our approach implies that 4 bits suffice to achieve a factor better than this bound of $1.54278$, which is considerably less than the previous bound of 15 bits.", "submitted_date": "8 October, 2019", "scraped_time": "2023-12-13 11:58:48"},
{"title": "A Primal Decomposition Algorithm for the Two-dimensional Bin Packing Problem", "abstract": "The Two-dimensional Bin Packing Problem calls for packing a set of rectangular items into a minimal set of larger rectangular bins. Items must be packed with their edges parallel to the borders of the bins, cannot be rotated and cannot overlap among them. The problem is of interest because it models many real-world applications, including production, warehouse management and transportation. It is, unfortunately, very difficult, and instances with just 40 items are unsolved to proven optimality, despite many attempts, since the 1990s. In this paper, we solve the problem with a combinatorial Benders decomposition that is based on a simple model in which the two-dimensional items and bins are just represented by their areas, and infeasible packings are imposed by means of exponentially-many no-good cuts. The basic decomposition scheme is quite naive, but we enrich it with a number of preprocessing techniques, valid inequalities, lower bounding methods, and enhanced algorithms to produce the strongest possible cuts. The resulting algorithm behaved very well on the benchmark sets of instances, improving on average upon previous algorithms from the literature and solving for the first time a number of open instances.", "submitted_date": "15 September, 2019", "scraped_time": "2023-12-13 11:58:48"},
{"title": "A Geometrical Branch-and-Price (GEOM-BP) Algorithm for Big Bin Packing Problems", "abstract": "Bin packing problem examines the minimum number of identical bins needed to pack a set of items of various weights. This problem arises in various areas of the artificial intelligence demanding derivation of the exact solutions in the shortest amount of time. Employing branch-and-bound and column generation techniques to derive the exact solutions to this problem, usually requires designation of problem-specific branching rules compatible with the nature of the polluted pricing sub-problem of column generation. In this work, we present a new approach to deal with the forbidden bins which handles two-dimensional knapsack problems. Furthermore, a set of diving criteria are introduced which emphasize the importance of the geometrical features of the bins. It is further shown that efficiency of the column generation technique could significantly get improved using an implicit sectional pricing scheme. The proposed algorithm outperforms the current state-of-the-art algorithms in number of the benchmark instances solved in less than one minute.", "submitted_date": "1 September, 2019", "scraped_time": "2023-12-13 11:58:48"},
{"title": "Approximation schemes for the generalized extensible bin packing problem", "abstract": "We present a new generalization of the extensible bin packing with unequal bin sizes problem. In our generalization the cost of exceeding the bin size depends on the index of the bin and not only on the amount in which the size of the bin is exceeded. This generalization does not satisfy the assumptions on the cost function that were used to present the existing polynomial time approximation scheme (PTAS) for the extensible bin packing with unequal bin sizes problem. In this work, we show the existence of an efficient PTAS (EPTAS) for this new generalization and thus in particular we improve the earlier PTAS for the extensible bin packing with unequal bin sizes problem into an EPTAS. Our new scheme is based on using the shifting technique followed by a solution of polynomial number of $n$-fold programming instances. In addition, we present an asymptotic fully polynomial time approximation scheme (AFPTAS) for the related bin packing type variant of the problem.", "submitted_date": "23 May, 2019", "scraped_time": "2023-12-13 11:58:48"},
{"title": "Variable Neighborhood Search for the Bin Packing Problem with Compatible Categories", "abstract": "Bin Packing with Conflicts (BPC) are problems in which items with compatibility constraints must be packed in the least number of bins, not exceeding the capacity of the bins and ensuring that non-conflicting items are packed in each bin. In this work, we introduce the Bin Packing Problem with Compatible Categories (BPCC), a variant of the BPC in which items belong to conflicting or compatible categories, in opposition to the item-by-item incompatibility found in previous literature. It is a common problem in the context of last mile distribution to nanostores located in densely populated areas. To efficiently solve real-life sized instances of the problem, we propose a Variable Neighborhood Search (VNS) metaheuristic algorithm. Computational experiments suggest that the algorithm yields good solutions in very short times while compared to linear integer programming running on a high-performance computing environment.", "submitted_date": "8 May, 2019", "scraped_time": "2023-12-13 11:58:48"},
{"title": "A Branch-and-Price Algorithm for the Temporal Bin Packing Problem", "abstract": "We study an extension of the classical Bin Packing Problem, where each item consumes the bin capacity during a given time window that depends on the item itself. The problem asks for finding the minimum number of bins to pack all the items while respecting the bin capacity at any time instant. A polynomial-size formulation, an exponential-size formulation, and a number of lower and upper bounds are studied. A branch-and-price algorithm for solving the exponential-size formulation is introduced. An overall algorithm combining the different methods is then proposed and tested trough extensive computational experiments.", "submitted_date": "13 February, 2019", "scraped_time": "2023-12-13 11:58:48"},
{"title": "A study on load-balanced variants of the bin packing problem", "abstract": "We consider several extensions of the fractional bin packing problem, a relaxation of the traditional bin packing problem where the objects may be split across multiple bins. In these extensions, we introduce load-balancing constraints imposing that the share of each object which is assigned to a same bin must be equal. We propose a Mixed-Integer Programming (MIP) formulation and show that the problem becomes NP-hard if we limit to at most 3 the number of bins across which each object can be split.  We then consider a variant where the balanced allocations of objects to bins may be done in successive rounds; this problem was inspired by telecommunication applications, and may be used to model simple Live Streaming networks. We show that two rounds are always sufficient to completely assign all objects to the bins and then provide an optimal polynomial-time allocation algorithm for this problem.", "submitted_date": "29 October, 2018", "scraped_time": "2023-12-13 11:58:48"},
{"title": "A Multi-task Selected Learning Approach for Solving 3D Flexible Bin Packing Problem", "abstract": "A 3D flexible bin packing problem (3D-FBPP) arises from the process of warehouse packing in e-commerce. An online customer's order usually contains several items and needs to be packed as a whole before shipping. In particular, 5% of tens of millions of packages are using plastic wrapping as outer packaging every day, which brings pressure on the plastic surface minimization to save traditional logistics costs. Because of the huge practical significance, we focus on the issue of packing cuboid-shaped items orthogonally into a least-surface-area bin. The existing heuristic methods for classic 3D bin packing don't work well for this particular NP-hard problem and designing a good problem-specific heuristic is non-trivial. In this paper, rather than designing heuristics, we propose a novel multi-task framework based on Selected Learning to learn a heuristic-like policy that generates the sequence and orientations of items to be packed simultaneously. Through comprehensive experiments on a large scale real-world transaction order dataset and online AB tests, we show: 1) our selected learning method trades off the imbalance and correlation among the tasks and significantly outperforms the single task Pointer Network and the multi-task network without selected learning; 2) our method obtains an average 5.47% cost reduction than the well-designed greedy algorithm which is previously used in our online production system.", "submitted_date": "15 February, 2019", "scraped_time": "2023-12-13 11:58:48"},
{"title": "Solving a New 3D Bin Packing Problem with Deep Reinforcement Learning Method", "abstract": "In this paper, a new type of 3D bin packing problem (BPP) is proposed, in which a number of cuboid-shaped items must be put into a bin one by one orthogonally. The objective is to find a way to place these items that can minimize the surface area of the bin. This problem is based on the fact that there is no fixed-sized bin in many real business scenarios and the cost of a bin is proportional to its surface area. Our research shows that this problem is NP-hard. Based on previous research on 3D BPP, the surface area is determined by the sequence, spatial locations and orientations of items. Among these factors, the sequence of items plays a key role in minimizing the surface area. Inspired by recent achievements of deep reinforcement learning (DRL) techniques, especially Pointer Network, on combinatorial optimization problems such as TSP, a DRL-based method is applied to optimize the sequence of items to be packed into the bin. Numerical results show that the method proposed in this paper achieve about 5% improvement than heuristic method.", "submitted_date": "19 August, 2017", "scraped_time": "2023-12-13 11:58:48"},
{"title": "A Simple PTAS for the Dual Bin Packing Problem and Advice Complexity of Its Online Version", "abstract": "Recently, Renault (2016) studied the dual bin packing problem in the per-request advice model of online algorithms. He showed that given $O(1/ε)$ advice bits for each input item allows approximating the dual bin packing problem online to within a factor of $1+ε$. Renault asked about the advice complexity of dual bin packing in the tape-advice model of online algorithms. We make progress on this question. Let $s$ be the maximum bit size of an input item weight. We present a conceptually simple online algorithm that with total advice $O\\left(\\frac{s + \\log n}{ε^2}\\right)$ approximates the dual bin packing to within a $1+ε$ factor. To this end, we describe and analyze a simple offline PTAS for the dual bin packing problem. Although a PTAS for a more general problem was known prior to our work (Kellerer 1999, Chekuri and Khanna 2006), our PTAS is arguably simpler to state and analyze. As a result, we could easily adapt our PTAS to obtain the advice-complexity result.  We also consider whether the dependence on $s$ is necessary in our algorithm. We show that if $s$ is unrestricted then for small enough $ε> 0$ obtaining a $1+ε$ approximation to the dual bin packing requires $Ω_ε(n)$ bits of advice. To establish this lower bound we analyze an online reduction that preserves the advice complexity and approximation ratio from the binary separation problem due to Boyar et al. (2016). We define two natural advice complexity classes that capture the distinction similar to the Turing machine world distinction between pseudo polynomial time algorithms and polynomial time algorithms. Our results on the dual bin packing problem imply the separation of the two classes in the advice complexity world.", "submitted_date": "4 August, 2017", "scraped_time": "2023-12-13 11:58:48"},
{"title": "A heuristic algorithm for the Bin Packing Problem with Conflicts on Interval Graphs", "abstract": "In this paper we deal with the Bin Packing Problem with Conflicts on interval graphs: given an interval graph, a nonnegative integer weight for each vertex, and a nonnegative integer B, find a partition of the vertex set of the graph into k subsets such that the sum of the weights of the vertices assigned to same subset is less than or equal to B, two vertices connected by an edge do not belong to the same subset, and k is minimum. We design a heuristic algorithm, and propose a new random interval graph generator which builds interval conflict graphs with desired edge density. We test the algorithm on a huge test bed, and compare the results with existing algorithms.", "submitted_date": "14 September, 2017", "scraped_time": "2023-12-13 11:58:48"},
{"title": "A study on exponential-size neighborhoods for the bin packing problem with conflicts", "abstract": "We propose an iterated local search based on several classes of local and large neighborhoods for the bin packing problem with conflicts. This problem, which combines the characteristics of both bin packing and vertex coloring, arises in various application contexts such as logistics and transportation, timetabling, and resource allocation for cloud computing. We introduce $O(1)$ evaluation procedures for classical local-search moves, polynomial variants of ejection chains and assignment neighborhoods, an adaptive set covering-based neighborhood, and finally a controlled use of 0-cost moves to further diversify the search. The overall method produces solutions of good quality on the classical benchmark instances and scales very well with an increase of problem size. Extensive computational experiments are conducted to measure the respective contribution of each proposed neighborhood. In particular, the 0-cost moves and the large neighborhood based on set covering contribute very significantly to the search. Several research perspectives are open in relation to possible hybridizations with other state-of-the-art mathematical programming heuristics for this problem.", "submitted_date": "23 May, 2017", "scraped_time": "2023-12-13 11:58:48"},
{"title": "Just-in-Time Batch Scheduling Problem with Two-dimensional Bin Packing Constraints", "abstract": "This paper introduces and approximately solves a multi-component problem where small rectangular items are produced from large rectangular bins via guillotine cuts. An item is characterized by its width, height, due date, and earliness and tardiness penalties per unit time. Each item induces a cost that is proportional to its earliness and tardiness. Items cut from the same bin form a batch, whose processing and completion times depend on its assigned items. The items of a batch have the completion time of their bin. The objective is to find a cutting plan that minimizes the weighted sum of earliness and tardiness penalties. We address this problem via a constraint programming based heuristic (CP) and an agent based modelling heuristic (AB). CP is an impact-based search strategy, implemented in the general-purpose solver IBM CP Optimizer. AB is constructive. It builds a solution through repeated negotiations between the set of agents representing the items and the set representing the bins. The agents cooperate to minimize the weighted earliness-tardiness penalties. The computational investigation shows that CP outperforms AB on small-sized instances while the opposite prevails for larger instances.", "submitted_date": "27 July, 2017", "scraped_time": "2023-12-13 11:58:48"},
{"title": "A Hybrid Feasibility Constraints-Guided Search to the Two-Dimensional Bin Packing Problem with Due Dates", "abstract": "The two-dimensional non-oriented bin packing problem with due dates packs a set of rectangular items, which may be rotated by 90 degrees, into identical rectangular bins. The bins have equal processing times. An item's lateness is the difference between its due date and the completion time of its bin. The problem packs all items without overlap as to minimize maximum lateness Lmax.  The paper proposes a tight lower bound that enhances an existing bound on Lmax for 24.07% of the benchmark instances and matches it in 30.87% cases. In addition, it models the problem using mixed integer programming (MIP), and solves small-sized instances exactly using CPLEX. It approximately solves larger-sized instances using a two-stage heuristic. The first stage constructs an initial solution via a first-fit heuristic that applies an iterative constraint programming (CP)-based neighborhood search. The second stage, which is iterative too, approximately solves a series of assignment low-level MIPs that are guided by feasibility constraints. It then enhances the solution via a high-level random local search. The approximate approach improves existing upper bounds by 27.45% on average, and obtains the optimum for 33.93% of the instances. Overall, the exact and approximate approaches identify the optimum for 39.07% cases.  The proposed approach is applicable to complex problems. It applies CP and MIP sequentially, while exploring their advantages, and hybridizes heuristic search with MIP. It embeds a new lookahead strategy that guards against infeasible search directions and constrains the search to improving directions only; thus, differs from traditional lookahead beam searches.", "submitted_date": "7 November, 2017", "scraped_time": "2023-12-13 11:58:48"},
{"title": "Bin Packing Problem: A Linear Constant-Space 3/2-Approximation Algorithm", "abstract": "Since the Bin Packing Problem (BPP) is one of the main NP-hard problems, a lot of approximation algorithms have been suggested for it. It has been proven that the best algorithm for BPP has the approximation ratio of 3/2 and the time order of O(n), unless P=NP. In the current paper, a linear 3/2-approximation algorithm is presented. The suggested algorithm not only has the best possible theoretical factors, approximation ratio, space order, and time order, but also outperforms the other approximation algorithms according to the experimental results, therefore, we are able to draw the conclusion that the algorithms is the best approximation algorithm which has been presented for the problem until now. Key words: Approximation Algorithm, Bin Packing Problem, Approximation Ratio, NP-hard.", "submitted_date": "9 January, 2016", "scraped_time": "2023-12-13 11:58:48"},
{"title": "Towards Bin Packing (preliminary problem survey, models with multiset estimates)", "abstract": "The paper described a generalized integrated glance to bin packing problems including a brief literature survey and some new problem formulations for the cases of multiset estimates of items. A new systemic viewpoint to bin packing problems is suggested: (a) basic element sets (item set, bin set, item subset assigned to bin), (b) binary relation over the sets: relation over item set as compatibility, precedence, dominance; relation over items and bins (i.e., correspondence of items to bins). A special attention is targeted to the following versions of bin packing problems: (a) problem with multiset estimates of items, (b) problem with colored items (and some close problems). Applied examples of bin packing problems are considered: (i) planning in paper industry (framework of combinatorial problems), (ii) selection of information messages, (iii) packing of messages/information packages in WiMAX communication system (brief description).", "submitted_date": "24 May, 2016", "scraped_time": "2023-12-13 11:58:48"},
{"title": "Algorithms for the Pagination Problem, a Bin Packing with Overlapping Items", "abstract": "We introduce the strongly NP-complete pagination problem, an extension of BIN PACKING where packing together two items may make them occupy less volume than the sum of their individual sizes. To achieve this property, an item is defined as a finite set of symbols from a given alphabet: while, in BIN PACKING, any two such sets would be disjoint, in PAGINATION, they can share zero, one or more symbols. After formulating the problem as an integer linear program, we try to approximate its solutions with several families of algorithms: from straightforward adaptations of classical BIN PACKING heuristics, to dedicated algorithms (greedy and non-greedy), to standard and grouping genetic algorithms. All of them are studied first theoretically, then experimentally on an extensive random test set. Based upon these data, we propose a predictive measure of the statistical difficulty of a given instance, and finally recommend which algorithm should be used in which case, depending on either time constraints or quality requirements.", "submitted_date": "5 September, 2017", "scraped_time": "2023-12-13 11:58:48"},
{"title": "Heuristics for the Variable Sized Bin Packing Problem Using a Hybrid P-System and CUDA Architecture", "abstract": "The Variable Sized Bin Packing Problem has a wide range of application areas including packing, scheduling, and manufacturing. Given a list of items and variable sized bin types, the objective is to minimize the total size of the used bins. This problem is known to be NP-hard. In this article, we present two new heuristics for solving the problem using a new variation of P systems with active membranes, which we call a hybrid P system, implemented in CUDA. Our hybrid P-system model allows using the polarity and labels of membranes to represent object properties which results in reducing the complexity of implementing the P-system. We examine the performance of the two heuristics, and compare the results with those of other known algorithms. The numerical results show that good solutions for large instances (10000 items) of this problem could be obtained in a very short time (seconds) using our CUDA simulator.", "submitted_date": "1 March, 2016", "scraped_time": "2023-12-13 11:58:48"},
{"title": "Locality-preserving allocations Problems and coloured Bin Packing", "abstract": "We study the following problem, introduced by Chung et al. in 2006. We are given, online or offline, a set of coloured items of different sizes, and wish to pack them into bins of equal size so that we use few bins in total (at most $α$ times optimal), and that the items of each colour span few bins (at most $β$ times optimal). We call such allocations $(α, β)$-approximate. As usual in bin packing problems, we allow additive constants and consider $(α,β)$ as the asymptotic performance ratios. We prove that for $\\eps>0$, if we desire small $α$, no scheme can beat $(1+\\eps, Ω(1/\\eps))$-approximate allocations and similarly as we desire small $β$, no scheme can beat $(1.69103, 1+\\eps)$-approximate allocations. We give offline schemes that come very close to achieving these lower bounds. For the online case, we prove that no scheme can even achieve $(O(1),O(1))$-approximate allocations. However, a small restriction on item sizes permits a simple online scheme that computes $(2+\\eps, 1.7)$-approximate allocations.", "submitted_date": "17 August, 2015", "scraped_time": "2023-12-13 11:58:48"},
{"title": "Bin Packing Problem: Two Approximation Algorithms", "abstract": "The Bin Packing Problem is one of the most important optimization problems. In recent years, due to its NP-hard nature, several approximation algorithms have been presented. It is proved that the best algorithm for the Bin Packing Problem has the approximation ratio 3/2 and the time order O(n), unless P=NP. In this paper, first, a 3/2-approximation algorithm is presented, then a modification to FFD algorithm is proposed to decrease time order to linear. Finally, these suggested approximation algorithms are compared with some other approximation algorithms. The experimental results show the suggested algorithms perform efficiently. In summary, the main goal of the research is presenting methods which not only enjoy the best theoretical criteria, but also perform considerably efficient in practice.", "submitted_date": "6 August, 2015", "scraped_time": "2023-12-13 11:58:48"},
{"title": "An All-Around Near-Optimal Solution for the Classic Bin Packing Problem", "abstract": "In this paper we present the first algorithm with optimal average-case and close-to-best known worst-case performance for the classic on-line problem of bin packing. It has long been observed that known bin packing algorithms with optimal average-case performance were not optimal in the worst-case sense. In particular First Fit and Best Fit had optimal average-case ratio of 1 but a worst-case competitive ratio of 1.7. The wasted space of First Fit and Best Fit for a uniform random sequence of length $n$ is expected to be $Θ(n^{2/3})$ and $Θ(\\sqrt{n} \\log ^{3/4} n)$, respectively. The competitive ratio can be improved to 1.691 using the Harmonic algorithm; further variations of this algorithm can push down the competitive ratio to 1.588. However, Harmonic and its variations have poor performance on average; in particular, Harmonic has average-case ratio of around 1.27. In this paper, first we introduce a simple algorithm which we term Harmonic Match. This algorithm performs as well as Best Fit on average, i.e., it has an average-case ratio of 1 and expected wasted space of $Θ(\\sqrt{n} \\log ^{3/4} n)$. Moreover, the competitive ratio of the algorithm is as good as Harmonic, i.e., it converges to $ 1.691$ which is an improvement over 1.7 of Best Fit and First Fit. We also introduce a different algorithm, termed as Refined Harmonic Match, which achieves an improved competitive ratio of $1.636$ while maintaining the good average-case performance of Harmonic Match and Best Fit. Finally, our extensive experimental evaluation of the studied bin packing algorithms shows that our proposed algorithms have comparable average-case performance with Best Fit and First Fit, and this holds also for sequences that follow distributions other than the uniform distribution.", "submitted_date": "17 April, 2014", "scraped_time": "2023-12-13 11:58:48"},
{"title": "A note on 'Exact and approximate methods for a one-dimensional minimax bin-packing problem' [Annals of Operations Research (2013) 206:611-626]", "abstract": "In a recent paper, Brusco, Köhn and Steinley [Ann. Oper. Res. 206:611-626 (2013)] conjecture that the 2 bins special case of the one-dimensional minimax bin-packing problem with bin size constraints might be solvable in polynomial time. In this note, we show that this problem is NP-hard for the special case and that it is strongly NP-hard for the general problem. We also propose a pseudo-polynomial algorithm for the special case and a constructive heuristic for the general problem.", "submitted_date": "7 February, 2014", "scraped_time": "2023-12-13 11:58:48"},
{"title": "Online Algorithms with Advice for Bin Packing and Scheduling Problems", "abstract": "We consider the setting of online computation with advice, and study the bin packing problem and a number of scheduling problems. We show that it is possible, for any of these problems, to arbitrarily approach a competitive ratio of $1$ with only a constant number of bits of advice per request. For the bin packing problem, we give an online algorithm with advice that is $(1+\\varepsilon)$-competitive and uses $O\\left(\\frac{1}{\\varepsilon}\\log \\frac{1}{\\varepsilon} \\right)$ bits of advice per request. For scheduling on $m$ identical machines, with the objective function of any of makespan, machine covering and the minimization of the $\\ell_p$ norm, $p >1$, we give similar results. We give online algorithms with advice which are $(1+\\varepsilon)$-competitive ($(1/(1-\\varepsilon))$-competitive for machine covering) and also use $O\\left(\\frac{1}{\\varepsilon}\\log \\frac{1}{\\varepsilon} \\right)$ bits of advice per request. We complement our results by giving a lower bound showing that for any online algorithm with advice to be optimal, for any of the above scheduling problems, a non-constant number (namely, at least $\\left(1 - \\frac{2m}{n}\\right)\\log m$, where $n$ is the number of jobs and $m$ is the number of machines) of bits of advice per request is needed.", "submitted_date": "5 August, 2015", "scraped_time": "2023-12-13 11:58:48"},
{"title": "Bin Packing and Related Problems: General Arc-flow Formulation with Graph Compression", "abstract": "We present an exact method, based on an arc-flow formulation with side constraints, for solving bin packing and cutting stock problems --- including multi-constraint variants --- by simply representing all the patterns in a very compact graph. Our method includes a graph compression algorithm that usually reduces the size of the underlying graph substantially without weakening the model. As opposed to our method, which provides strong models, conventional models are usually highly symmetric and provide very weak lower bounds.  Our formulation is equivalent to Gilmore and Gomory's, thus providing a very strong linear relaxation. However, instead of using column-generation in an iterative process, the method constructs a graph, where paths from the source to the target node represent every valid packing pattern.  The same method, without any problem-specific parameterization, was used to solve a large variety of instances from several different cutting and packing problems. In this paper, we deal with vector packing, graph coloring, bin packing, cutting stock, cardinality constrained bin packing, cutting stock with cutting knife limitation, cutting stock with binary patterns, bin packing with conflicts, and cutting stock with binary patterns and forbidden pairs. We report computational results obtained with many benchmark test data sets, all of them showing a large advantage of this formulation with respect to the traditional ones.", "submitted_date": "25 October, 2013", "scraped_time": "2023-12-13 11:58:48"},
{"title": "Evolutionary Approach for the Containers Bin-Packing Problem", "abstract": "This paper deals with the resolution of combinatorial optimization problems, particularly those concerning the maritime transport scheduling. We are interested in the management platforms in a river port and more specifically in container organisation operations with a view to minimizing the number of container rehandlings. Subsequently, we rmeet customers delivery deadlines and we reduce ship stoppage time In this paper, we propose a genetic algorithm to solve this problem and we present some experiments and results.", "submitted_date": "3 June, 2013", "scraped_time": "2023-12-13 11:58:48"},
{"title": "On Solving the Oriented Two-Dimensional Bin Packing Problem under Free Guillotine Cutting: Exploiting the Power of Probabilistic Solution Construction", "abstract": "Two-dimensional bin packing problems are highly relevant combinatorial optimization problems. They find a large number of applications, for example, in the context of transportation or warehousing, and for the cutting of different materials such as glass, wood or metal. In this work we deal with the oriented two-dimensional bin packing problem under free guillotine cutting. In this specific problem a set of oriented rectangular items is given which must be packed into a minimum number of bins of equal size. The first algorithm proposed in this work is a randomized multi-start version of a constructive one-pass heuristic from the literature. Additionally we propose the use of this randomized one-pass heuristic within an evolutionary algorithm. The results of the two proposed algorithms are compared to the best approaches from the literature. In particular the evolutionary algorithm compares very favorably to current state-of-the-art approaches. The optimal solution for 4 previously unsolved instances could be found.", "submitted_date": "5 September, 2012", "scraped_time": "2023-12-13 11:58:48"},
{"title": "Bin Completion Algorithms for Multicontainer Packing, Knapsack, and Covering Problems", "abstract": "Many combinatorial optimization problems such as the bin packing and multiple knapsack problems involve assigning a set of discrete objects to multiple containers. These problems can be used to model task and resource allocation problems in multi-agent systems and distributed systms, and can also be found as subproblems of scheduling problems. We propose bin completion, a branch-and-bound strategy for one-dimensional, multicontainer packing problems.  Bin completion combines a bin-oriented search space with a powerful dominance criterion that enables us to prune much of the space. The performance of the basic bin completion framework can be enhanced by using a number of extensions, including nogood-based pruning techniques that allow further exploitation of the dominance criterion.  Bin completion is applied to four problems: multiple knapsack, bin covering, min-cost covering, and bin packing.  We show that our bin completion algorithms yield new, state-of-the-art results for the multiple knapsack, bin covering, and min-cost covering problems, outperforming previous algorithms by several orders of magnitude with respect to runtime on some classes of hard, random problem instances.  For the bin packing problem, we demonstrate significant improvements compared to most previous results, but show that bin completion is not competitive with current state-of-the-art cutting-stock based approaches.", "submitted_date": "10 October, 2011", "scraped_time": "2023-12-13 11:58:48"}
]