[
{"document_link": "/document/10000343/", "title": "Stack Algorithm Implementation in Robot-Based Mixed Case Palletizing System", "publication_year": 2022, "abstract": "This paper documents the design procedure of a mixed case palletizing system using the ABB robot variant, IRB660. With the evolution of the e-commerce industry and rising volumes of stock-flow in warehouses and trading facilities, there has been a requirement for the automation of some of the most important operations. An automated palletizing system is a potential solution for this problem, to create optimized pallets with greater packing density and pallet support compared with the manual practices in operation. By completing this project, the authors will provide an entirely robotized palletizing system capable of responding to any customized packing order in a quick and efficient manner. The system is designed to handle 1000 or more cases per hour making it ideal for any warehouse or logistic facility dealing with a high number of stock-keeping units. Starting with a literature review and market research on the available systems, three different bin packing algorithms were stated: the Guillotine, MAXRECTS, and Skyline algorithms. Further, a new metric ‘percolation’ was introduced to measure and compare the packing quality of a pallet. The main section of this paper consists of a study of the design solution the authors have implemented for the AI stacking algorithm while introducing the palletizing UI used in the system. A data-driven 3D bin packing approach was considered for the stacking process which makes use of even-height super boxes to form dense and supported pallets. This method was chosen for its flexibility and reliable packing density of 80% made within a short time frame. Moving to the UI, a sample design of a graphical user interface (GUI) was first made in Figma while focusing on the different functionalities of the palletizing system before implementing the UI as a Windows Forms application. A 2D image of the ongoing pallet is displayed with several other customizing features such as selecting the stacking pattern and choosing different box/ pallet dimensions. Finally, a workcell was devised in RobotStudio® to simulate the operation and testing facilities of the authors' design solution. In close, this report satisfies all the design requirements with detailed descriptions and analyses of the team's approach.", "citations": 1},
{"document_link": "/document/7559186/", "title": "Mixed Case Palletizing with Industrial Robots", "publication_year": 2016, "abstract": "The automated building of customer order pallets in a retail, food or beverage distribution center is still a challenging and complex task. Over the past 15 years many companies have tried to develop different solutions to tackle this labor intensive job. In this article a detailed overview of existing implementations will be presented and compared with the development results of the activities from KUKA, Grenzebach and Swisslog under the leadership of the author of this paper. The final paper will contain examples of the two global soft drink producers in the world and a short overview of the current development project from Swisslog at the German drugstore chain dm.", "citations": 2},
{"document_link": "/document/9196850/", "title": "Towards an Intelligent Collaborative Robotic System for Mixed Case Palletizing", "publication_year": 2020, "abstract": "In this paper, a novel human-robot collaborative framework for mixed case palletizing is presented. The framework addresses several challenges associated with the detection and localisation of boxes and pallets through visual perception algorithms, high-level optimisation of the collaborative effort through effective role-allocation principles, and maximisation of packing density. A graphical user interface (GUI) is additionally developed to ensure an intuitive allocation of roles and the optimal placement of the boxes on target pallets. The framework is evaluated in two conditions where humans operate with and without the support of a Mobile COllaborative robotic Assistant (MOCA). The results show that the optimised placement can improve up to the 20% with respect to a manual execution of the same task, and reveal the high potential of MOCA in increasing the performance of collaborative palletizing tasks.", "citations": 18},
{"document_link": "/document/9408366/", "title": "Optimizing Cooperative Pallet Loading Robots: A Mixed Integer Approach", "publication_year": 2021, "abstract": "We consider a system with a metering conveyor that feeds a palletizing machine. Multiple robots cooperatively move packages to obtain a desired final pallet layout. We address the problem of finding the optimal sequence of manipulations and packages positions on the conveyor that allow to maximize production. Our main contribution is the reformulation of this operation as a mixed integer linear programming (MILP) problem, that we solve with a metaheuristic that exploits a standard commercial solver. We also present some numerical experiments on randomly generated problems.", "citations": 1},
{"document_link": "/document/6727699/", "title": "Low cost contour check of loading units using PMD sensors", "publication_year": 2013, "abstract": "In this paper, a novel approach for the detection of parcel loading positions on a pallet is presented. This approach realizes a substantial change in comparison to traditional system design of contour detection in de-palletizing processes. Complex 3D-vision systems, costly laser scanners or throughput decreasing local sensor solutions integrated in grippers are substituted by a low-cost Photonic Mixing Device (PMD) camera. By combining PMD technology and a predetermined model of loading situations, stored during the assembly of the pallet, this approach can compensate for the drawbacks of each respective system. An essential part of the approach are computer-graphics methods specific to the given problem to both detect the deviation between the nominal and the actual loading position and if necessary an automated correction of the packaging scheme. From an economic point of view this approach can decrease the costs of mandatory contour checking in automated de-palletizing processes.", "citations": 4},
{"document_link": "/document/6178966/", "title": "Characterization of calcium phosphate bioceramic from Paphia undulata shells", "publication_year": 2012, "abstract": "This study aim to synthesize bioceramic from Paphia undulata shell by using dry technique in order to proposed new bioceramic for human bone repair application. The clam shells obtained from the fisherman of Kuala Perlis coast were turned into a fine powder using an agate mortar. Since the clam shells contain high percentage of calcium carbonate, calcium carbonate powder turned to calcium oxide (CaO) by a calcinations process and the calcined powder then mix with water to form calcium hydroxide. The crystalline phases of the mixtures were greatly dependent on the mixing ratio (wt %) of the calcium hydroxide to phosphoric acid. In a wide mixing ratio range of 1:1.1-1:1.3 wt%, hydroxyapatite were synthesized and palletized. All samples were sintered to determine most suitable sintering temperature to fabricate bioceramics for bone substitute materials. The composition of the samples had been analyzed by using X-ray diffractometry (XRD) spectroscopy. In addition, the mechanical properties of samples were characterized using compression test. The result obtained show hydroxyapatite was successfully produced with mixing ratio Ca/P is 1:1.2 wt% at 750°C sintering temperature.", "citations": 6}
]