[
{"document_link": "/document/1658080/", "title": "Adaptive prediction trees for image compression", "publication_year": 2006, "abstract": "This paper presents a complete general-purpose method for still-image compression called adaptive prediction trees. Efficient lossy and lossless compression of photographs, graphics, textual, and mixed images is achieved by ordering the data in a multicomponent binary pyramid, applying an empirically optimized nonlinear predictor, exploiting structural redundancies between color components, then coding with hex-trees and adaptive runlength/Huffman coders. Color palettization and order statistics prefiltering are applied adaptively as appropriate. Over a diverse image test set, the method outperforms standard lossless and lossy alternatives. The competing lossy alternatives use block transforms and wavelets in well-studied configurations. A major result of this paper is that predictive coding is a viable and sometimes preferable alternative to these methods", "citations": 11}
]